CREATE DATABASE  IF NOT EXISTS `SRD_upgrade_db` /*!40100 DEFAULT CHARACTER SET utf8mb3 */ /*!80016 DEFAULT ENCRYPTION='N' */;
USE `SRD_upgrade_db`;
-- MySQL dump 10.13  Distrib 8.0.31, for Win64 (x86_64)
--
-- Host: localhost    Database: SRD_upgrade_db
-- ------------------------------------------------------
-- Server version	8.0.31

/*!40101 SET @OLD_CHARACTER_SET_CLIENT=@@CHARACTER_SET_CLIENT */;
/*!40101 SET @OLD_CHARACTER_SET_RESULTS=@@CHARACTER_SET_RESULTS */;
/*!40101 SET @OLD_COLLATION_CONNECTION=@@COLLATION_CONNECTION */;
/*!50503 SET NAMES utf8 */;
/*!40103 SET @OLD_TIME_ZONE=@@TIME_ZONE */;
/*!40103 SET TIME_ZONE='+00:00' */;
/*!40014 SET @OLD_UNIQUE_CHECKS=@@UNIQUE_CHECKS, UNIQUE_CHECKS=0 */;
/*!40014 SET @OLD_FOREIGN_KEY_CHECKS=@@FOREIGN_KEY_CHECKS, FOREIGN_KEY_CHECKS=0 */;
/*!40101 SET @OLD_SQL_MODE=@@SQL_MODE, SQL_MODE='NO_AUTO_VALUE_ON_ZERO' */;
/*!40111 SET @OLD_SQL_NOTES=@@SQL_NOTES, SQL_NOTES=0 */;

--
-- Table structure for table `courses`
--

DROP TABLE IF EXISTS `courses`;
/*!40101 SET @saved_cs_client     = @@character_set_client */;
/*!50503 SET character_set_client = utf8mb4 */;
CREATE TABLE `courses` (
  `COURSE_ID` int NOT NULL AUTO_INCREMENT,
  `COURSE_NAME` varchar(45) DEFAULT NULL,
  PRIMARY KEY (`COURSE_ID`)
) ENGINE=InnoDB AUTO_INCREMENT=45 DEFAULT CHARSET=utf8mb3;
/*!40101 SET character_set_client = @saved_cs_client */;

--
-- Dumping data for table `courses`
--

LOCK TABLES `courses` WRITE;
/*!40000 ALTER TABLE `courses` DISABLE KEYS */;
INSERT INTO `courses` VALUES (1,'Alemão'),(2,'Aplicações Informáticas B'),(3,'Biologia'),(4,'Biologia e Geologia'),(5,'Ciências Naturais'),(6,'Clássicos da Literatura'),(7,'Desenho A'),(8,'Economia A'),(9,'Economia C'),(10,'Educação Física'),(11,'Educação Musical'),(12,'Educação Tecnologica'),(13,'Educação Visual'),(14,'Espanhol'),(15,'Filosofia'),(16,'Fisica'),(17,'Fisica e Quimica A'),(18,'Fisico-Quimica'),(19,'Francês'),(20,'Geografia'),(21,'Geografia A'),(22,'Geografia C'),(23,'Geologia'),(24,'Geometria Descritiva A'),(25,'História'),(26,'História A'),(27,'História B'),(28,'História da Cultura e das Artes'),(29,'História e Geografia de Portugal'),(30,'História Cultura e Democracia'),(31,'Inglês'),(32,'Latim A'),(33,'Literatura Portuguêsa'),(34,'Matemática'),(35,'Matemática A'),(36,'Matemática Aplicada as Ciencias Sociais'),(37,'Matemática B'),(38,'Oficina de Artes'),(39,'Oficina de Multimédia B'),(40,'Português'),(41,'Psicologia B'),(42,'Química'),(43,'Sociologia'),(44,'TIC');
/*!40000 ALTER TABLE `courses` ENABLE KEYS */;
UNLOCK TABLES;

--
-- Table structure for table `courses_has_school_years`
--

DROP TABLE IF EXISTS `courses_has_school_years`;
/*!40101 SET @saved_cs_client     = @@character_set_client */;
/*!50503 SET character_set_client = utf8mb4 */;
CREATE TABLE `courses_has_school_years` (
  `COURSE_ID` int NOT NULL,
  `SCHOOL_YEAR_ID` int NOT NULL,
  PRIMARY KEY (`COURSE_ID`,`SCHOOL_YEAR_ID`),
  KEY `fk_Courses_has_School Year_School Year1_idx` (`SCHOOL_YEAR_ID`),
  KEY `fk_Courses_has_School Year_Courses1_idx` (`COURSE_ID`),
  CONSTRAINT `fk_Courses_has_School Year_Courses1` FOREIGN KEY (`COURSE_ID`) REFERENCES `courses` (`COURSE_ID`),
  CONSTRAINT `fk_Courses_has_School Year_School Year1` FOREIGN KEY (`SCHOOL_YEAR_ID`) REFERENCES `school_years` (`SCHOOL_YEAR_ID`)
) ENGINE=InnoDB DEFAULT CHARSET=utf8mb3;
/*!40101 SET character_set_client = @saved_cs_client */;

--
-- Dumping data for table `courses_has_school_years`
--

LOCK TABLES `courses_has_school_years` WRITE;
/*!40000 ALTER TABLE `courses_has_school_years` DISABLE KEYS */;
INSERT INTO `courses_has_school_years` VALUES (5,5),(30,6),(21,7),(26,7),(31,7),(40,7),(3,8),(5,8),(19,8),(21,8),(31,8),(32,8),(34,8),(40,8),(3,9),(14,9),(31,9),(34,9),(40,9),(1,10),(3,10),(8,10),(15,10),(16,10),(17,10),(18,10),(25,10),(28,10),(29,10),(33,10),(35,10),(36,10),(40,10),(41,10),(1,11),(8,11),(15,11),(16,11),(17,11),(18,11),(20,11),(28,11),(35,11),(38,11),(40,11),(43,11),(7,12),(16,12),(17,12),(23,12),(35,12),(40,12),(42,12),(43,12),(44,12);
/*!40000 ALTER TABLE `courses_has_school_years` ENABLE KEYS */;
UNLOCK TABLES;

--
-- Table structure for table `districts`
--

DROP TABLE IF EXISTS `districts`;
/*!40101 SET @saved_cs_client     = @@character_set_client */;
/*!50503 SET character_set_client = utf8mb4 */;
CREATE TABLE `districts` (
  `DISTRICT_ID` int NOT NULL AUTO_INCREMENT,
  `DISTRICT_NAME` varchar(50) NOT NULL,
  PRIMARY KEY (`DISTRICT_ID`)
) ENGINE=InnoDB AUTO_INCREMENT=30 DEFAULT CHARSET=utf8mb3;
/*!40101 SET character_set_client = @saved_cs_client */;

--
-- Dumping data for table `districts`
--

LOCK TABLES `districts` WRITE;
/*!40000 ALTER TABLE `districts` DISABLE KEYS */;
INSERT INTO `districts` VALUES (1,'Aveiro'),(2,'Beja'),(3,'Braga'),(4,'Bragança'),(5,'Castelo Branco'),(6,'Coimbra'),(7,'Évora'),(8,'Faro'),(9,'Guarda'),(10,'Leiria'),(11,'Lisboa'),(12,'Portalegre'),(13,'Porto'),(14,'Santarém'),(15,'Setúbal'),(16,'Viana do Castelo'),(17,'Vila Real'),(18,'Viseu'),(19,'Ilha da Madeira'),(20,'Ilha de Porto Santo'),(21,'Ilha de Santa Maria'),(22,'Ilha de São Miguel'),(23,'Ilha Terceira'),(24,'Ilha Graciosa'),(25,'Ilha de São Jorge'),(26,'Ilha do Pico'),(27,'Ilha do Faial'),(28,'Ilha das Flores'),(29,'Ilha do Corvo');
/*!40000 ALTER TABLE `districts` ENABLE KEYS */;
UNLOCK TABLES;

--
-- Temporary view structure for view `invoice_details`
--

DROP TABLE IF EXISTS `invoice_details`;
/*!50001 DROP VIEW IF EXISTS `invoice_details`*/;
SET @saved_cs_client     = @@character_set_client;
/*!50503 SET character_set_client = utf8mb4 */;
/*!50001 CREATE VIEW `invoice_details` AS SELECT 
 1 AS `Invoice Number`,
 1 AS `tutor_name`,
 1 AS `course_name`,
 1 AS `School Year`,
 1 AS `Unit Cost`,
 1 AS `Session Duration`,
 1 AS `Amount`*/;
SET character_set_client = @saved_cs_client;

--
-- Temporary view structure for view `invoice_head`
--

DROP TABLE IF EXISTS `invoice_head`;
/*!50001 DROP VIEW IF EXISTS `invoice_head`*/;
SET @saved_cs_client     = @@character_set_client;
/*!50503 SET character_set_client = utf8mb4 */;
/*!50001 CREATE VIEW `invoice_head` AS SELECT 
 1 AS `Invoice Number`,
 1 AS `student_name`,
 1 AS `student_contact`,
 1 AS `tutor_name`,
 1 AS `Session Duration`,
 1 AS `Date of Issue`,
 1 AS `Due Date`,
 1 AS `SubTotal`,
 1 AS `IVA (6%)`,
 1 AS `Amount`,
 1 AS `address`,
 1 AS `tutoring_centre_contact`*/;
SET character_set_client = @saved_cs_client;

--
-- Table structure for table `logs`
--

DROP TABLE IF EXISTS `logs`;
/*!40101 SET @saved_cs_client     = @@character_set_client */;
/*!50503 SET character_set_client = utf8mb4 */;
CREATE TABLE `logs` (
  `LOG_ID` int NOT NULL AUTO_INCREMENT,
  `CREATED_AT` datetime DEFAULT NULL,
  `STUDENT_ID` int DEFAULT NULL,
  `STUDENT_NAME` varchar(45) DEFAULT NULL,
  `EVENT_TYPE` varchar(20) DEFAULT NULL,
  `OLD_RECORD` varchar(255) DEFAULT NULL,
  `NEW_RECORD` varchar(255) DEFAULT NULL,
  PRIMARY KEY (`LOG_ID`)
) ENGINE=InnoDB AUTO_INCREMENT=4 DEFAULT CHARSET=utf8mb3;
/*!40101 SET character_set_client = @saved_cs_client */;

--
-- Dumping data for table `logs`
--

LOCK TABLES `logs` WRITE;
/*!40000 ALTER TABLE `logs` DISABLE KEYS */;
INSERT INTO `logs` VALUES (1,'2022-12-11 11:24:29',51,'Inês Santos','Insert',NULL,NULL),(2,'2022-12-11 11:27:00',51,'Inês Santos','Delete',NULL,NULL),(3,'2022-12-11 11:48:06',1,'Gabriela Costa','Update','Gabriela Costa; 2011-12-02; enintend@comcast.net; f; 6','Avô Cantigas; 2011-12-02; enintend@comcast.net; f; 6');
/*!40000 ALTER TABLE `logs` ENABLE KEYS */;
UNLOCK TABLES;

--
-- Table structure for table `municipalities`
--

DROP TABLE IF EXISTS `municipalities`;
/*!40101 SET @saved_cs_client     = @@character_set_client */;
/*!50503 SET character_set_client = utf8mb4 */;
CREATE TABLE `municipalities` (
  `MUNICIPALITY_ID` int NOT NULL AUTO_INCREMENT,
  `MUNICIPALITY_NAME` varchar(45) NOT NULL,
  `DISTRICT_ID` int NOT NULL,
  PRIMARY KEY (`MUNICIPALITY_ID`),
  KEY `fk_Municipalities_Districts1_idx` (`DISTRICT_ID`),
  CONSTRAINT `fk_Municipalities_Districts1` FOREIGN KEY (`DISTRICT_ID`) REFERENCES `districts` (`DISTRICT_ID`)
) ENGINE=InnoDB AUTO_INCREMENT=309 DEFAULT CHARSET=utf8mb3;
/*!40101 SET character_set_client = @saved_cs_client */;

--
-- Dumping data for table `municipalities`
--

LOCK TABLES `municipalities` WRITE;
/*!40000 ALTER TABLE `municipalities` DISABLE KEYS */;
INSERT INTO `municipalities` VALUES (1,'Águeda',1),(2,'Albergaria-a-Velha',1),(3,'Anadia',1),(4,'Arouca',1),(5,'Aveiro',1),(6,'Castelo de Paiva',1),(7,'Espinho',1),(8,'Estarreja',1),(9,'Ílhavo',1),(10,'Mealhada',1),(11,'Murtosa',1),(12,'Oliveira de Azeméis',1),(13,'Oliveira do Bairro',1),(14,'Ovar',1),(15,'Santa Maria da Feira',1),(16,'São João da Madeira',1),(17,'Sever do Vouga',1),(18,'Vagos',1),(19,'Vale de Cambra',1),(20,'Aljustrel',2),(21,'Almodôvar',2),(22,'Alvito',2),(23,'Barrancos',2),(24,'Beja',2),(25,'Castro Verde',2),(26,'Cuba',2),(27,'Ferreira do Alentejo',2),(28,'Mértola',2),(29,'Moura',2),(30,'Odemira',2),(31,'Ourique',2),(32,'Serpa',2),(33,'Vidigueira',2),(34,'Amares',3),(35,'Barcelos',3),(36,'Braga',3),(37,'Cabeceiras de Basto',3),(38,'Celorico de Basto',3),(39,'Esposende',3),(40,'Fafe',3),(41,'Guimarães',3),(42,'Póvoa de Lanhoso',3),(43,'Terras de Bouro',3),(44,'Vieira do Minho',3),(45,'Vila Nova de Famalicão',3),(46,'Vila Verde',3),(47,'Vizela',3),(48,'Alfândega da Fé',4),(49,'Bragança',4),(50,'Carrazeda de Ansiães',4),(51,'Freixo de Espada à Cinta',4),(52,'Macedo de Cavaleiros',4),(53,'Miranda do Douro',4),(54,'Mirandela',4),(55,'Mogadouro',4),(56,'Torre de Moncorvo',4),(57,'Vila Flor',4),(58,'Vimioso',4),(59,'Vinhais',4),(60,'Belmonte',5),(61,'Castelo Branco',5),(62,'Covilhã',5),(63,'Fundão',5),(64,'Idanha-a-Nova',5),(65,'Oleiros',5),(66,'Penamacor',5),(67,'Proença-a-Nova',5),(68,'Sertã',5),(69,'Vila de Rei',5),(70,'Vila Velha de Ródão',5),(71,'Arganil',6),(72,'Cantanhede',6),(73,'Coimbra',6),(74,'Condeixa-a-Nova',6),(75,'Figueira da Foz',6),(76,'Góis',6),(77,'Lousã',6),(78,'Mira',6),(79,'Miranda do Corvo',6),(80,'Montemor-o-Velho',6),(81,'Oliveira do Hospital',6),(82,'Pampilhosa da Serra',6),(83,'Penacova',6),(84,'Penela',6),(85,'Soure',6),(86,'Tábua',6),(87,'Vila Nova de Poiares',6),(88,'Alandroal',7),(89,'Arraiolos',7),(90,'Borba',7),(91,'Estremoz',7),(92,'Évora',7),(93,'Montemor-o-Novo',7),(94,'Mora',7),(95,'Mourão',7),(96,'Portel',7),(97,'Redondo',7),(98,'Reguengos de Monsaraz',7),(99,'Vendas Novas',7),(100,'Viana do Alentejo',7),(101,'Vila Viçosa',7),(102,'Albufeira',8),(103,'Alcoutim',8),(104,'Aljezur',8),(105,'Castro Marim',8),(106,'Faro',8),(107,'Lagoa',8),(108,'Lagos',8),(109,'Loulé',8),(110,'Monchique',8),(111,'Olhão',8),(112,'Portimão',8),(113,'São Brás de Alportel',8),(114,'Silves',8),(115,'Tavira',8),(116,'Vila do Bispo',8),(117,'Vila Real de Santo António',8),(118,'Aguiar da Beira',9),(119,'Almeida',9),(120,'Celorico da Beira',9),(121,'Figueira de Castelo Rodrigo',9),(122,'Fornos de Algodres',9),(123,'Gouveia',9),(124,'Guarda',9),(125,'Manteigas',9),(126,'Mêda',9),(127,'Pinhel',9),(128,'Sabugal',9),(129,'Seia',9),(130,'Trancoso',9),(131,'Vila Nova de Foz Côa',9),(132,'Calheta',19),(133,'Câmara de Lobos',19),(134,'Funchal',19),(135,'Machico',19),(136,'Ponta do Sol',19),(137,'Porto Moniz',19),(138,'Ribeira Brava',19),(139,'Santa Cruz',19),(140,'Santana',19),(141,'São Vicente',19),(142,'Lajes das Flores',28),(143,'Santa Cruz das Flores',28),(144,'Porto Santo',20),(145,'Vila do Porto',21),(146,'Calheta',25),(147,'Velas',25),(148,'Lagoa',22),(149,'Nordeste',22),(150,'Ponta Delgada',22),(151,'Povoação',22),(152,'Ribeira Grande',22),(153,'Vila Franca do Campo',22),(154,'Corvo',29),(155,'Horta',27),(156,'Lajes do Pico',26),(157,'Madalena',26),(158,'São Roque do Pico',26),(159,'Santa Cruz da Graciosa',24),(160,'Angra do Heroísmo',23),(161,'Vila da Praia da Vitória',23),(162,'Alcobaça',10),(163,'Alvaiázere',10),(164,'Ansião',10),(165,'Batalha',10),(166,'Bombarral',10),(167,'Caldas da Rainha',10),(168,'Castanheira de Pêra',10),(169,'Figueiró dos Vinhos',10),(170,'Leiria',10),(171,'Marinha Grande',10),(172,'Nazaré',10),(173,'Óbidos',10),(174,'Pedrógão Grande',10),(175,'Peniche',10),(176,'Pombal',10),(177,'Porto de Mós',10),(178,'Alenquer',11),(179,'Amadora',11),(180,'Arruda dos Vinhos',11),(181,'Azambuja',11),(182,'Cadaval',11),(183,'Cascais',11),(184,'Lisboa',11),(185,'Loures',11),(186,'Lourinhã',11),(187,'Mafra',11),(188,'Odivelas',11),(189,'Oeiras',11),(190,'Sintra',11),(191,'Sobral de Monte Agraço',11),(192,'Torres Vedras',11),(193,'Vila Franca de Xira',11),(194,'Alter do Chão',12),(195,'Arronches',12),(196,'Avis',12),(197,'Campo Maior',12),(198,'Castelo de Vide',12),(199,'Crato',12),(200,'Elvas',12),(201,'Fronteira',12),(202,'Gavião',12),(203,'Marvão',12),(204,'Monforte',12),(205,'Nisa',12),(206,'Ponte de Sor',12),(207,'Portalegre',12),(208,'Sousel',12),(209,'Amarante',13),(210,'Baião',13),(211,'Felgueiras',13),(212,'Gondomar',13),(213,'Lousada',13),(214,'Maia',13),(215,'Marco de Canaveses',13),(216,'Matosinhos',13),(217,'Paços de Ferreira',13),(218,'Paredes',13),(219,'Penafiel',13),(220,'Porto',13),(221,'Póvoa de Varzim',13),(222,'Santo Tirso',13),(223,'Trofa',13),(224,'Valongo',13),(225,'Vila do Conde',13),(226,'Vila Nova de Gaia',13),(227,'Abrantes',14),(228,'Alcanena',14),(229,'Almeirim',14),(230,'Alpiarça',14),(231,'Benavente',14),(232,'Cartaxo',14),(233,'Chamusca',14),(234,'Constância',14),(235,'Coruche',14),(236,'Entroncamento',14),(237,'Ferreira do Zêzere',14),(238,'Golegã',14),(239,'Mação',14),(240,'Ourém',14),(241,'Rio Maior',14),(242,'Salvaterra de Magos',14),(243,'Santarém',14),(244,'Sardoal',14),(245,'Tomar',14),(246,'Torres Novas',14),(247,'Vila Nova da Barquinha',14),(248,'Alcácer do Sal',15),(249,'Alcochete',15),(250,'Almada',15),(251,'Barreiro',15),(252,'Grândola',15),(253,'Moita',15),(254,'Montijo',15),(255,'Palmela',15),(256,'Santiago do Cacém',15),(257,'Seixal',15),(258,'Sesimbra',15),(259,'Setúbal',15),(260,'Sines',15),(261,'Arcos de Valdevez',16),(262,'Caminha',16),(263,'Melgaço',16),(264,'Monção',16),(265,'Paredes de Coura',16),(266,'Ponte da Barca',16),(267,'Ponte de Lima',16),(268,'Valença',16),(269,'Viana do Castelo',16),(270,'Vila Nova de Cerveira',16),(271,'Alijó',17),(272,'Boticas',17),(273,'Chaves',17),(274,'Mesão Frio',17),(275,'Mondim de Basto',17),(276,'Montalegre',17),(277,'Murça',17),(278,'Peso da Régua',17),(279,'Ribeira de Pena',17),(280,'Sabrosa',17),(281,'Santa Marta de Penaguião',17),(282,'Valpaços',17),(283,'Vila Pouca de Aguiar',17),(284,'Vila Real',17),(285,'Armamar',18),(286,'Carregal do Sal',18),(287,'Castro Daire',18),(288,'Cinfães',18),(289,'Lamego',18),(290,'Mangualde',18),(291,'Moimenta da Beira',18),(292,'Mortágua',18),(293,'Nelas',18),(294,'Oliveira de Frades',18),(295,'Penalva do Castelo',18),(296,'Penedono',18),(297,'Resende',18),(298,'Santa Comba Dão',18),(299,'São João da Pesqueira',18),(300,'São Pedro do Sul',18),(301,'Sátão',18),(302,'Sernancelhe',18),(303,'Tabuaço',18),(304,'Tarouca',18),(305,'Tondela',18),(306,'Vila Nova de Paiva',18),(307,'Viseu',18),(308,'Vouzela',18);
/*!40000 ALTER TABLE `municipalities` ENABLE KEYS */;
UNLOCK TABLES;

--
-- Table structure for table `ratings`
--

DROP TABLE IF EXISTS `ratings`;
/*!40101 SET @saved_cs_client     = @@character_set_client */;
/*!50503 SET character_set_client = utf8mb4 */;
CREATE TABLE `ratings` (
  `RATING_ID` int NOT NULL AUTO_INCREMENT,
  `RATING_VALUE` int NOT NULL,
  `SESSION_ID` int NOT NULL,
  PRIMARY KEY (`RATING_ID`),
  KEY `fk_Ratings_Sessions1_idx` (`SESSION_ID`),
  CONSTRAINT `fk_Ratings_Sessions1` FOREIGN KEY (`SESSION_ID`) REFERENCES `sessions` (`SESSION_ID`)
) ENGINE=InnoDB AUTO_INCREMENT=51 DEFAULT CHARSET=utf8mb3;
/*!40101 SET character_set_client = @saved_cs_client */;

--
-- Dumping data for table `ratings`
--

LOCK TABLES `ratings` WRITE;
/*!40000 ALTER TABLE `ratings` DISABLE KEYS */;
INSERT INTO `ratings` VALUES (1,2,221),(2,5,220),(3,1,189),(4,5,175),(5,2,277),(6,1,123),(7,3,264),(8,1,165),(9,4,249),(10,3,143),(11,1,193),(12,5,24),(13,1,14),(14,4,189),(15,1,272),(16,3,213),(17,2,156),(18,4,208),(19,1,148),(20,1,259),(21,1,284),(22,2,36),(23,1,205),(24,1,268),(25,3,254),(26,3,32),(27,4,32),(28,2,54),(29,5,170),(30,4,224),(31,1,26),(32,4,86),(33,5,248),(34,5,94),(35,1,82),(36,2,42),(37,3,132),(38,1,157),(39,1,254),(40,4,24),(41,4,55),(42,3,93),(43,2,53),(44,2,47),(45,5,261),(46,5,148),(47,1,80),(48,5,189),(49,4,25),(50,1,26);
/*!40000 ALTER TABLE `ratings` ENABLE KEYS */;
UNLOCK TABLES;

--
-- Table structure for table `school_years`
--

DROP TABLE IF EXISTS `school_years`;
/*!40101 SET @saved_cs_client     = @@character_set_client */;
/*!50503 SET character_set_client = utf8mb4 */;
CREATE TABLE `school_years` (
  `SCHOOL_YEAR_ID` int NOT NULL,
  PRIMARY KEY (`SCHOOL_YEAR_ID`)
) ENGINE=InnoDB DEFAULT CHARSET=utf8mb3;
/*!40101 SET character_set_client = @saved_cs_client */;

--
-- Dumping data for table `school_years`
--

LOCK TABLES `school_years` WRITE;
/*!40000 ALTER TABLE `school_years` DISABLE KEYS */;
INSERT INTO `school_years` VALUES (5),(6),(7),(8),(9),(10),(11),(12);
/*!40000 ALTER TABLE `school_years` ENABLE KEYS */;
UNLOCK TABLES;

--
-- Table structure for table `sessions`
--

DROP TABLE IF EXISTS `sessions`;
/*!40101 SET @saved_cs_client     = @@character_set_client */;
/*!50503 SET character_set_client = utf8mb4 */;
CREATE TABLE `sessions` (
  `SESSION_ID` int NOT NULL AUTO_INCREMENT,
  `START_TIME` datetime NOT NULL,
  `END_TIME` datetime NOT NULL,
  `STATUS` varchar(15) NOT NULL,
  `TUTOR_ID` int NOT NULL,
  `COURSE_ID` int NOT NULL,
  `SCHOOL_YEAR_ID` int NOT NULL,
  `STUDENT_ID` int NOT NULL,
  `SESSION_PRICE` decimal(10,2) DEFAULT NULL,
  PRIMARY KEY (`SESSION_ID`),
  KEY `fk_Sessions_Tutors_has_Courses_has_School_Years1_idx` (`TUTOR_ID`,`COURSE_ID`,`SCHOOL_YEAR_ID`),
  KEY `fk_Sessions_Students1_idx` (`STUDENT_ID`),
  KEY `STATUS` (`STATUS`),
  CONSTRAINT `fk_Sessions_Students1` FOREIGN KEY (`STUDENT_ID`) REFERENCES `students` (`STUDENT_ID`),
  CONSTRAINT `fk_Sessions_Tutors_has_Courses_has_School_Years1` FOREIGN KEY (`TUTOR_ID`, `COURSE_ID`, `SCHOOL_YEAR_ID`) REFERENCES `tutors_courses` (`TUTOR_ID`, `COURSE_ID`, `SCHOOL_YEAR_ID`)
) ENGINE=InnoDB AUTO_INCREMENT=604 DEFAULT CHARSET=utf8mb3;
/*!40101 SET character_set_client = @saved_cs_client */;

--
-- Dumping data for table `sessions`
--

LOCK TABLES `sessions` WRITE;
/*!40000 ALTER TABLE `sessions` DISABLE KEYS */;
INSERT INTO `sessions` VALUES (1,'2019-11-03 16:30:00','2019-11-03 17:30:00','done',13,21,7,19,19.00),(2,'2019-11-04 16:30:00','2019-11-04 17:30:00','done',7,15,11,34,23.00),(3,'2019-11-05 16:30:00','2019-11-05 18:30:00','done',17,28,10,41,22.00),(4,'2019-11-06 16:30:00','2019-11-06 17:30:00','done',18,29,10,41,22.00),(5,'2019-11-07 16:30:00','2019-11-07 17:30:00','done',11,19,8,38,20.00),(6,'2019-11-08 16:30:00','2019-11-08 17:30:00','done',10,18,10,37,22.00),(7,'2019-11-09 16:30:00','2019-11-09 17:30:00','done',11,19,8,38,20.00),(8,'2019-11-10 16:30:00','2019-11-10 17:30:00','done',17,28,10,9,22.00),(9,'2019-11-11 16:30:00','2019-11-11 17:30:00','done',2,3,8,5,20.00),(10,'2019-11-12 16:30:00','2019-11-12 17:30:00','done',17,28,10,26,22.00),(11,'2020-01-13 16:30:00','2020-01-13 17:30:00','done',12,20,11,16,23.00),(12,'2020-01-14 16:30:00','2020-01-14 17:30:00','done',7,15,10,9,22.00),(13,'2020-01-15 16:30:00','2020-01-15 17:30:00','done',20,31,7,39,19.00),(14,'2020-01-16 16:30:00','2020-01-16 17:30:00','done',20,31,7,40,19.00),(15,'2020-01-17 16:30:00','2020-01-17 17:30:00','done',16,26,7,39,19.00),(16,'2020-01-18 16:30:00','2020-01-18 17:30:00','done',15,25,10,26,22.00),(17,'2020-01-19 16:30:00','2020-01-19 17:30:00','done',20,31,7,44,19.00),(18,'2020-01-20 16:30:00','2020-01-20 17:30:00','done',2,3,9,6,21.00),(19,'2020-01-21 16:30:00','2020-01-21 17:30:00','done',13,21,7,20,19.00),(20,'2020-01-22 16:30:00','2020-01-22 17:30:00','done',7,41,10,26,22.00),(21,'2020-01-23 16:30:00','2020-01-23 17:30:00','done',3,5,5,4,17.00),(22,'2020-11-24 16:30:00','2020-11-24 17:30:00','done',16,26,7,40,19.00),(23,'2020-11-25 16:30:00','2020-11-25 17:30:00','done',11,19,8,10,20.00),(24,'2020-11-26 16:30:00','2020-11-26 17:30:00','done',9,17,10,9,22.00),(25,'2020-11-27 16:30:00','2020-11-27 17:30:00','done',8,16,10,9,22.00),(26,'2020-11-28 16:30:00','2020-11-28 17:30:00','done',6,14,9,6,21.00),(27,'2020-11-29 16:30:00','2020-11-29 17:30:00','done',20,31,7,19,19.00),(28,'2020-11-30 16:30:00','2020-11-30 17:30:00','done',17,28,10,28,22.00),(29,'2020-12-01 16:30:00','2020-12-01 17:30:00','done',20,31,9,18,21.00),(30,'2020-12-02 16:30:00','2020-12-02 17:30:00','done',3,5,5,11,17.00),(31,'2020-12-03 16:30:00','2020-12-03 17:30:00','done',3,5,5,12,17.00),(32,'2020-12-04 16:30:00','2020-12-04 17:30:00','done',7,41,10,28,22.00),(33,'2020-12-05 16:30:00','2020-12-05 17:30:00','done',10,18,10,41,22.00),(34,'2020-12-06 16:30:00','2020-12-06 17:30:00','done',1,1,11,14,23.00),(35,'2020-12-07 16:30:00','2020-12-07 17:30:00','done',19,30,6,1,18.00),(36,'2020-12-08 16:30:00','2020-12-08 17:30:00','done',2,3,10,9,22.00),(37,'2020-12-09 16:30:00','2020-12-09 17:30:00','done',13,21,8,5,20.00),(38,'2020-12-10 16:30:00','2020-12-10 17:30:00','done',15,25,10,28,22.00),(39,'2020-12-11 16:30:00','2020-12-11 17:30:00','done',5,8,10,9,22.00),(40,'2020-12-12 16:30:00','2020-12-12 17:30:00','done',6,14,9,7,21.00),(41,'2020-12-13 16:30:00','2020-12-13 17:30:00','done',15,25,10,37,22.00),(42,'2020-12-14 16:30:00','2020-12-14 17:30:00','done',12,20,11,33,23.00),(43,'2020-12-15 16:30:00','2020-12-15 17:30:00','done',5,8,11,33,23.00),(44,'2020-12-16 16:30:00','2020-12-16 17:30:00','done',18,29,10,9,22.00),(45,'2020-12-17 16:30:00','2020-12-17 17:30:00','done',8,16,10,26,22.00),(46,'2020-12-18 16:30:00','2020-12-18 17:30:00','done',4,7,12,2,24.00),(47,'2020-12-19 16:30:00','2020-12-19 17:30:00','done',15,25,10,41,22.00),(48,'2020-12-20 16:30:00','2020-12-20 17:30:00','done',20,31,9,45,21.00),(49,'2020-12-21 16:30:00','2020-12-21 17:30:00','done',8,16,10,28,22.00),(50,'2020-12-22 16:30:00','2020-12-22 17:30:00','done',8,16,10,37,22.00),(51,'2020-12-23 16:30:00','2020-12-23 17:30:00','done',13,21,7,24,19.00),(52,'2020-12-24 16:30:00','2020-12-24 17:30:00','done',7,43,11,14,23.00),(53,'2020-12-25 16:30:00','2020-12-25 17:30:00','done',13,21,8,5,20.00),(54,'2020-12-26 16:30:00','2020-12-26 17:30:00','done',9,17,10,26,22.00),(55,'2020-12-27 16:30:00','2020-12-27 17:30:00','done',14,23,12,2,24.00),(56,'2020-12-28 16:30:00','2020-12-28 17:30:00','done',5,8,11,34,23.00),(57,'2020-12-29 16:30:00','2020-12-29 17:30:00','done',10,18,10,9,22.00),(58,'2020-12-30 16:30:00','2020-12-30 17:30:00','done',8,16,10,41,22.00),(59,'2020-12-31 16:30:00','2020-12-31 17:30:00','done',19,30,6,8,18.00),(60,'2021-01-01 16:30:00','2021-01-01 17:30:00','done',10,18,10,26,22.00),(61,'2021-01-02 16:30:00','2021-01-02 17:30:00','done',10,18,10,28,22.00),(62,'2021-01-03 16:30:00','2021-01-03 17:30:00','done',14,23,12,3,24.00),(63,'2021-01-04 16:30:00','2021-01-04 17:30:00','done',5,8,11,14,23.00),(64,'2021-01-05 16:30:00','2021-01-05 17:30:00','done',2,3,10,26,22.00),(65,'2021-01-06 16:30:00','2021-01-06 17:30:00','done',2,3,8,10,20.00),(66,'2021-01-07 16:30:00','2021-01-07 17:30:00','done',6,14,9,18,21.00),(67,'2021-01-08 16:30:00','2021-01-08 17:30:00','done',1,1,10,9,22.00),(68,'2021-01-09 16:30:00','2021-01-09 17:30:00','done',4,7,12,3,24.00),(69,'2021-01-10 16:30:00','2021-01-10 17:30:00','done',4,7,12,17,24.00),(70,'2021-01-11 16:30:00','2021-01-11 17:30:00','done',1,1,11,16,23.00),(71,'2021-01-12 16:30:00','2021-01-12 17:30:00','done',6,14,9,45,21.00),(72,'2021-01-13 16:30:00','2021-01-13 17:30:00','done',11,19,8,10,20.00),(73,'2021-01-14 16:30:00','2021-01-14 17:30:00','done',12,20,11,34,23.00),(74,'2021-01-15 16:30:00','2021-01-15 17:30:00','done',8,16,11,14,23.00),(75,'2021-01-16 16:30:00','2021-01-16 17:30:00','done',15,25,10,9,22.00),(76,'2021-01-17 16:30:00','2021-01-17 17:30:00','done',2,3,9,7,21.00),(77,'2021-01-18 16:30:00','2021-01-18 17:30:00','done',13,21,7,27,19.00),(78,'2021-01-19 16:30:00','2021-01-19 17:30:00','done',4,7,12,21,24.00),(79,'2021-01-20 16:30:00','2021-01-20 17:30:00','done',5,8,10,26,22.00),(80,'2021-01-21 16:30:00','2021-01-21 17:30:00','done',20,31,9,49,21.00),(81,'2021-01-22 16:30:00','2021-01-22 17:30:00','done',3,5,5,13,17.00),(82,'2021-01-23 16:30:00','2021-01-23 17:30:00','done',2,3,10,28,22.00),(83,'2021-01-24 16:30:00','2021-01-24 17:30:00','done',7,15,11,16,23.00),(84,'2021-01-25 16:30:00','2021-01-25 17:30:00','done',14,23,12,17,24.00),(85,'2021-01-26 16:30:00','2021-01-26 17:30:00','done',14,23,12,21,24.00),(86,'2021-01-27 16:30:00','2021-01-27 17:30:00','done',19,30,6,22,18.00),(87,'2021-01-28 16:30:00','2021-01-28 17:30:00','done',17,28,10,37,22.00),(88,'2021-01-29 16:30:00','2021-01-29 17:30:00','done',4,7,12,23,24.00),(89,'2021-01-30 16:30:00','2021-01-30 17:30:00','done',11,19,8,10,20.00),(90,'2021-01-31 16:30:00','2021-01-31 17:30:00','done',2,3,9,18,21.00),(91,'2021-02-01 16:30:00','2021-02-01 17:30:00','done',13,21,8,5,20.00),(92,'2021-02-02 16:30:00','2021-02-02 17:30:00','done',8,16,11,16,23.00),(93,'2021-02-03 16:30:00','2021-02-03 17:30:00','done',1,1,11,33,23.00),(94,'2021-02-04 16:30:00','2021-02-04 17:30:00','done',5,34,8,38,20.00),(95,'2021-02-05 16:30:00','2021-02-05 17:30:00','done',20,31,8,10,20.00),(96,'2021-02-06 16:30:00','2021-02-06 17:30:00','done',12,20,11,14,23.00),(97,'2021-02-07 16:30:00','2021-02-07 17:30:00','done',18,29,10,26,22.00),(98,'2021-02-08 16:30:00','2021-02-08 17:30:00','done',20,31,8,10,20.00),(99,'2021-02-09 16:30:00','2021-02-09 17:30:00','done',16,26,7,44,19.00),(100,'2021-02-10 16:30:00','2021-02-10 17:30:00','done',20,31,8,10,20.00),(101,'2021-02-11 16:30:00','2021-02-11 17:30:00','done',2,3,9,45,21.00),(102,'2021-02-12 16:30:00','2021-02-12 17:30:00','done',9,17,10,28,22.00),(103,'2021-02-13 16:30:00','2021-02-13 17:30:00','done',2,3,8,38,20.00),(104,'2021-02-14 16:30:00','2021-02-14 17:30:00','done',17,28,10,41,22.00),(105,'2021-02-15 16:30:00','2021-02-15 17:30:00','done',13,21,7,30,19.00),(106,'2021-02-16 16:30:00','2021-02-16 17:30:00','done',17,28,10,9,22.00),(107,'2021-02-17 16:30:00','2021-02-17 17:30:00','done',2,3,10,37,22.00),(108,'2021-02-18 16:30:00','2021-02-18 17:30:00','done',13,21,7,35,19.00),(109,'2021-02-19 16:30:00','2021-02-19 17:30:00','done',4,7,12,32,24.00),(110,'2021-02-20 16:30:00','2021-02-20 17:30:00','done',5,34,9,45,21.00),(111,'2021-02-21 16:30:00','2021-02-21 17:30:00','done',18,29,10,28,22.00),(112,'2021-02-22 16:30:00','2021-02-22 17:30:00','done',12,20,11,16,23.00),(113,'2021-02-23 16:30:00','2021-02-23 17:30:00','done',4,7,12,43,24.00),(114,'2021-02-24 16:30:00','2021-02-24 17:30:00','done',5,34,8,38,20.00),(115,'2021-02-25 16:30:00','2021-02-25 17:30:00','done',10,18,10,37,22.00),(116,'2021-02-26 16:30:00','2021-02-26 17:30:00','done',7,41,10,37,22.00),(117,'2021-02-27 16:30:00','2021-02-27 17:30:00','done',11,19,8,10,20.00),(118,'2021-02-28 16:30:00','2021-02-28 17:30:00','done',3,5,5,15,17.00),(119,'2021-03-01 16:30:00','2021-03-01 17:30:00','done',18,29,10,37,22.00),(120,'2021-03-02 16:30:00','2021-03-02 17:30:00','done',5,34,9,49,21.00),(121,'2021-03-03 16:30:00','2021-03-03 17:30:00','done',9,17,11,16,23.00),(122,'2021-03-04 16:30:00','2021-03-04 17:30:00','done',18,29,10,41,22.00),(123,'2021-03-05 16:30:00','2021-03-05 17:30:00','done',6,14,9,49,21.00),(124,'2021-03-06 16:30:00','2021-03-06 17:30:00','done',12,20,11,33,23.00),(125,'2021-03-07 16:30:00','2021-03-07 17:30:00','done',8,16,11,33,23.00),(126,'2021-03-08 16:30:00','2021-03-08 17:30:00','done',11,19,8,10,20.00),(127,'2021-03-09 16:30:00','2021-03-09 17:30:00','done',15,25,10,26,22.00),(128,'2021-03-10 16:30:00','2021-03-10 17:30:00','done',10,18,10,41,22.00),(129,'2021-03-11 16:30:00','2021-03-11 17:30:00','done',12,20,11,34,23.00),(130,'2021-03-12 16:30:00','2021-03-12 17:30:00','done',1,1,11,34,23.00),(131,'2021-03-13 16:30:00','2021-03-13 17:30:00','done',16,26,7,19,19.00),(132,'2021-03-14 16:30:00','2021-03-14 17:30:00','done',20,32,8,10,20.00),(133,'2021-03-15 16:30:00','2021-03-15 17:30:00','done',3,5,8,10,20.00),(134,'2021-03-16 16:30:00','2021-03-16 17:30:00','done',11,19,8,10,20.00),(135,'2021-03-17 16:30:00','2021-03-17 17:30:00','done',5,35,10,28,22.00),(136,'2021-03-18 16:30:00','2021-03-18 17:30:00','done',12,20,11,14,23.00),(137,'2021-03-19 16:30:00','2021-03-19 17:30:00','done',18,29,10,9,22.00),(138,'2021-03-20 16:30:00','2021-03-20 17:30:00','done',4,7,12,50,24.00),(139,'2021-03-21 16:30:00','2021-03-21 17:30:00','done',20,32,8,10,20.00),(140,'2021-03-22 16:30:00','2021-03-22 17:30:00','done',11,19,8,10,20.00),(141,'2021-03-23 16:30:00','2021-03-23 17:30:00','done',8,16,11,34,23.00),(142,'2021-03-24 16:30:00','2021-03-24 17:30:00','done',8,16,11,14,23.00),(143,'2021-03-25 16:30:00','2021-03-25 17:30:00','done',16,26,7,20,19.00),(144,'2021-03-26 16:30:00','2021-03-26 17:30:00','done',19,30,6,29,18.00),(145,'2021-03-27 16:30:00','2021-03-27 17:30:00','done',14,23,12,23,24.00),(146,'2021-03-28 16:30:00','2021-03-28 17:30:00','done',12,20,11,16,23.00),(147,'2021-03-29 16:30:00','2021-03-29 17:30:00','done',2,3,9,49,21.00),(148,'2021-03-30 16:30:00','2021-03-30 17:30:00','done',10,18,10,9,22.00),(149,'2021-03-31 16:30:00','2021-03-31 17:30:00','done',5,35,11,16,23.00),(150,'2021-04-01 16:30:00','2021-04-01 17:30:00','done',20,32,8,10,20.00),(151,'2021-04-02 16:30:00','2021-04-02 17:30:00','done',13,21,7,36,19.00),(152,'2021-04-03 16:30:00','2021-04-03 17:30:00','done',7,43,11,33,23.00),(153,'2021-04-04 16:30:00','2021-04-04 17:30:00','done',3,5,8,38,20.00),(154,'2021-04-05 16:30:00','2021-04-05 17:30:00','done',3,5,5,25,17.00),(155,'2021-04-06 16:30:00','2021-04-06 17:30:00','done',7,43,12,2,24.00),(156,'2021-04-07 16:30:00','2021-04-07 17:30:00','done',14,23,12,32,24.00),(157,'2021-04-08 16:30:00','2021-04-08 17:30:00','done',5,35,12,23,24.00),(158,'2021-04-09 16:30:00','2021-04-09 17:30:00','done',15,25,10,28,22.00),(159,'2021-04-10 16:30:00','2021-04-10 17:30:00','done',11,19,8,10,20.00),(160,'2021-04-11 16:30:00','2021-04-11 17:30:00','done',20,32,8,10,20.00),(162,'2021-04-13 16:30:00','2021-04-13 17:30:00','done',7,41,10,41,22.00),(163,'2021-04-14 16:30:00','2021-04-14 17:30:00','done',12,20,11,33,23.00),(164,'2021-04-15 16:30:00','2021-04-15 17:30:00','done',12,20,11,34,23.00),(165,'2021-04-16 16:30:00','2021-04-16 17:30:00','done',13,21,8,38,20.00),(166,'2021-04-17 16:30:00','2021-04-17 17:30:00','done',16,26,7,24,19.00),(167,'2021-04-18 16:30:00','2021-04-18 17:30:00','done',14,23,12,43,24.00),(168,'2021-04-19 16:30:00','2021-04-19 17:30:00','done',4,7,12,2,24.00),(169,'2021-04-20 16:30:00','2021-04-20 17:30:00','done',9,17,11,33,23.00),(170,'2021-04-21 16:30:00','2021-04-21 17:30:00','done',11,19,8,10,20.00),(171,'2021-04-22 16:30:00','2021-04-22 17:30:00','done',2,3,10,41,22.00),(172,'2021-04-23 16:30:00','2021-04-23 17:30:00','done',8,16,12,23,24.00),(173,'2021-04-24 16:30:00','2021-04-24 17:30:00','done',7,15,11,34,23.00),(174,'2021-04-25 16:30:00','2021-04-25 17:30:00','done',13,21,8,38,20.00),(175,'2021-04-26 16:30:00','2021-04-26 17:30:00','done',11,19,8,5,20.00),(176,'2021-04-27 16:30:00','2021-04-27 17:30:00','done',7,41,10,9,22.00),(177,'2021-04-28 16:30:00','2021-04-28 17:30:00','done',12,20,11,14,23.00),(178,'2021-04-29 16:30:00','2021-04-29 17:30:00','done',8,16,12,32,24.00),(179,'2021-04-30 16:30:00','2021-04-30 17:30:00','done',7,43,12,3,24.00),(180,'2021-05-01 16:30:00','2021-05-01 17:30:00','done',10,18,11,16,23.00),(181,'2021-05-02 16:30:00','2021-05-02 17:30:00','done',14,23,12,50,24.00),(182,'2021-05-03 16:30:00','2021-05-03 17:30:00','done',11,19,8,5,20.00),(183,'2021-05-04 16:30:00','2021-05-04 17:30:00','done',11,19,8,5,20.00),(184,'2021-05-05 16:30:00','2021-05-05 17:30:00','done',6,14,9,6,21.00),(185,'2021-05-06 16:30:00','2021-05-06 17:30:00','done',3,5,8,38,20.00),(186,'2021-05-07 16:30:00','2021-05-07 17:30:00','done',13,21,8,38,20.00),(187,'2021-05-08 16:30:00','2021-05-08 17:30:00','done',8,16,12,43,24.00),(188,'2021-05-09 16:30:00','2021-05-09 17:30:00','done',14,23,12,2,24.00),(189,'2021-05-10 16:30:00','2021-05-10 17:30:00','done',16,26,7,27,19.00),(190,'2021-05-11 16:30:00','2021-05-11 17:30:00','done',6,14,9,7,21.00),(191,'2021-05-12 16:30:00','2021-05-12 17:30:00','done',2,3,8,5,20.00),(192,'2021-05-13 16:30:00','2021-05-13 17:30:00','done',3,5,5,31,17.00),(193,'2021-05-14 16:30:00','2021-05-14 17:30:00','done',20,33,10,26,22.00),(194,'2021-05-15 16:30:00','2021-05-15 17:30:00','done',6,14,9,18,21.00),(195,'2021-05-16 16:30:00','2021-05-16 17:30:00','done',7,15,10,26,22.00),(196,'2021-05-17 16:30:00','2021-05-17 17:30:00','done',18,29,10,26,22.00),(197,'2021-05-18 16:30:00','2021-05-18 17:30:00','done',3,5,5,48,17.00),(198,'2021-05-19 16:30:00','2021-05-19 17:30:00','done',17,28,11,34,23.00),(199,'2021-05-20 16:30:00','2021-05-20 17:30:00','done',15,25,10,37,22.00),(200,'2021-05-21 16:30:00','2021-05-21 17:30:00','done',3,5,8,38,20.00),(201,'2021-05-22 16:30:00','2021-05-22 17:30:00','done',18,29,10,28,22.00),(202,'2021-05-23 16:30:00','2021-05-23 17:30:00','done',6,14,9,45,21.00),(203,'2021-05-24 16:30:00','2021-05-24 17:30:00','done',4,7,12,3,24.00),(204,'2021-05-25 16:30:00','2021-05-25 17:30:00','done',2,3,10,9,22.00),(205,'2021-05-26 16:30:00','2021-05-26 17:30:00','done',12,20,11,16,23.00),(206,'2021-05-27 16:30:00','2021-05-27 17:30:00','done',17,28,11,14,23.00),(207,'2021-05-28 16:30:00','2021-05-28 17:30:00','done',18,29,10,37,22.00),(208,'2021-05-29 16:30:00','2021-05-29 17:30:00','done',2,3,10,26,22.00),(209,'2021-05-30 16:30:00','2021-05-30 17:30:00','done',3,5,5,4,17.00),(210,'2021-05-31 16:30:00','2021-05-31 17:30:00','done',9,17,11,34,23.00),(211,'2021-06-01 16:30:00','2021-06-01 17:30:00','done',6,14,9,49,21.00),(212,'2021-06-02 16:30:00','2021-06-02 17:30:00','done',7,41,10,28,22.00),(213,'2021-06-03 16:30:00','2021-06-03 17:30:00','done',17,28,11,16,23.00),(214,'2021-06-04 16:30:00','2021-06-04 17:30:00','done',3,5,5,11,17.00),(215,'2021-06-05 16:30:00','2021-06-05 17:30:00','done',11,19,8,5,20.00),(216,'2021-06-06 16:30:00','2021-06-06 17:30:00','done',19,30,6,42,18.00),(217,'2021-06-07 16:30:00','2021-06-07 17:30:00','done',9,17,11,14,23.00),(218,'2021-06-08 16:30:00','2021-06-08 17:30:00','done',15,25,10,41,22.00),(219,'2021-06-09 16:30:00','2021-06-09 17:30:00','done',12,20,11,33,23.00),(220,'2021-06-10 16:30:00','2021-06-10 17:30:00','done',5,36,10,37,22.00),(221,'2021-06-11 16:30:00','2021-06-11 17:30:00','done',17,28,11,33,23.00),(222,'2021-06-12 16:30:00','2021-06-12 17:30:00','done',20,33,10,28,22.00),(223,'2021-06-13 16:30:00','2021-06-13 17:30:00','done',6,14,9,6,21.00),(224,'2021-06-14 16:30:00','2021-06-14 17:30:00','done',15,25,10,9,22.00),(225,'2021-06-15 16:30:00','2021-06-15 17:30:00','done',2,3,9,6,21.00),(226,'2021-06-16 16:30:00','2021-06-16 17:30:00','done',5,36,10,41,22.00),(227,'2021-06-17 16:30:00','2021-06-17 17:30:00','done',14,23,12,3,24.00),(228,'2021-06-18 16:30:00','2021-06-18 17:30:00','done',3,5,8,38,20.00),(229,'2021-06-19 16:30:00','2021-06-19 17:30:00','done',4,7,12,17,24.00),(230,'2021-06-20 16:30:00','2021-06-20 17:30:00','done',17,28,11,34,23.00),(231,'2021-06-21 16:30:00','2021-06-21 17:30:00','done',12,20,11,34,23.00),(232,'2021-06-22 16:30:00','2021-06-22 17:30:00','done',11,19,8,5,20.00),(233,'2021-06-23 16:30:00','2021-06-23 17:30:00','done',18,29,10,41,22.00),(234,'2021-06-24 16:30:00','2021-06-24 17:30:00','done',19,30,6,46,18.00),(235,'2021-06-25 16:30:00','2021-06-25 17:30:00','done',12,20,11,14,23.00),(236,'2021-06-26 16:30:00','2021-06-26 17:30:00','done',1,1,10,26,22.00),(237,'2021-06-27 16:30:00','2021-06-27 17:30:00','done',2,3,8,10,20.00),(238,'2021-06-28 16:30:00','2021-06-28 17:30:00','done',17,28,11,14,23.00),(239,'2021-06-29 16:30:00','2021-06-29 17:30:00','done',2,3,10,28,22.00),(240,'2021-06-30 16:30:00','2021-06-30 17:30:00','done',4,7,12,21,24.00),(241,'2021-07-01 16:30:00','2021-07-01 17:30:00','done',12,20,11,16,23.00),(242,'2021-07-02 16:30:00','2021-07-02 17:30:00','done',4,7,12,23,24.00),(243,'2021-07-03 16:30:00','2021-07-03 17:30:00','done',10,18,11,33,23.00),(244,'2021-07-04 16:30:00','2021-07-04 17:30:00','done',1,1,11,14,23.00),(245,'2021-07-05 16:30:00','2021-07-05 17:30:00','done',18,29,10,9,22.00),(246,'2021-07-06 16:30:00','2021-07-06 17:30:00','done',2,3,8,38,20.00),(247,'2021-07-07 16:30:00','2021-07-07 17:30:00','done',19,30,6,47,18.00),(248,'2021-07-08 16:30:00','2021-07-08 17:30:00','done',10,18,11,34,23.00),(249,'2021-07-09 16:30:00','2021-07-09 17:30:00','done',5,38,11,34,23.00),(250,'2021-07-10 16:30:00','2021-07-10 17:30:00','done',15,25,10,26,22.00),(251,'2021-07-11 16:30:00','2021-07-11 17:30:00','done',13,21,7,19,19.00),(252,'2021-07-12 16:30:00','2021-07-12 17:30:00','done',7,15,11,34,23.00),(253,'2021-07-13 16:30:00','2021-07-13 17:30:00','done',17,28,10,41,22.00),(254,'2021-07-14 16:30:00','2021-07-14 17:30:00','done',18,29,10,41,22.00),(255,'2021-07-15 16:30:00','2021-07-15 17:30:00','done',11,19,8,38,20.00),(256,'2021-07-16 16:30:00','2021-07-16 17:30:00','done',10,18,10,37,22.00),(257,'2021-07-17 16:30:00','2021-07-17 17:30:00','done',11,19,8,38,20.00),(258,'2021-07-18 16:30:00','2021-07-18 17:30:00','done',17,28,10,9,22.00),(259,'2021-07-19 16:30:00','2021-07-19 17:30:00','done',2,3,8,5,20.00),(260,'2021-07-20 16:30:00','2021-07-20 17:30:00','done',17,28,10,26,22.00),(261,'2021-07-21 16:30:00','2021-07-21 17:30:00','done',12,20,11,16,23.00),(262,'2021-07-22 16:30:00','2021-07-22 17:30:00','done',7,15,10,9,22.00),(263,'2021-07-23 16:30:00','2021-07-23 17:30:00','done',20,31,7,39,19.00),(264,'2021-07-24 16:30:00','2021-07-24 17:30:00','done',20,31,7,40,19.00),(265,'2021-07-25 16:30:00','2021-07-25 17:30:00','done',16,26,7,39,19.00),(266,'2021-07-26 16:30:00','2021-07-26 17:30:00','done',15,25,10,26,22.00),(267,'2021-07-27 16:30:00','2021-07-27 17:30:00','done',20,31,7,44,19.00),(268,'2021-07-28 16:30:00','2021-07-28 17:30:00','done',2,3,9,6,21.00),(269,'2021-07-29 16:30:00','2021-07-29 17:30:00','done',13,21,7,20,19.00),(270,'2021-07-30 16:30:00','2021-07-30 17:30:00','done',7,41,10,26,22.00),(271,'2021-07-31 16:30:00','2021-07-31 17:30:00','done',3,5,5,4,17.00),(272,'2021-08-01 16:30:00','2021-08-01 17:30:00','done',16,26,7,40,19.00),(273,'2021-08-02 16:30:00','2021-08-02 17:30:00','done',11,19,8,10,20.00),(274,'2021-08-03 16:30:00','2021-08-03 17:30:00','done',9,17,10,9,22.00),(275,'2021-08-04 16:30:00','2021-08-04 17:30:00','done',8,16,10,9,22.00),(276,'2021-08-05 16:30:00','2021-08-05 17:30:00','done',6,14,9,6,21.00),(277,'2021-08-06 16:30:00','2021-08-06 17:30:00','done',20,31,7,19,19.00),(278,'2021-08-07 16:30:00','2021-08-07 17:30:00','done',17,28,10,28,22.00),(279,'2021-08-08 16:30:00','2021-08-08 17:30:00','done',20,31,9,18,21.00),(280,'2021-08-09 16:30:00','2021-08-09 17:30:00','done',3,5,5,11,17.00),(281,'2021-08-10 16:30:00','2021-08-10 17:30:00','done',3,5,5,12,17.00),(282,'2021-08-11 16:30:00','2021-08-11 17:30:00','done',7,41,10,28,22.00),(283,'2021-08-12 16:30:00','2021-08-12 17:30:00','done',10,18,10,41,22.00),(284,'2021-08-13 16:30:00','2021-08-13 17:30:00','done',1,1,11,14,23.00),(285,'2021-08-14 16:30:00','2021-08-14 17:30:00','done',19,30,6,1,18.00),(286,'2021-08-15 16:30:00','2021-08-15 17:30:00','done',2,3,10,9,22.00),(287,'2021-08-16 16:30:00','2021-08-16 17:30:00','done',13,21,8,5,20.00),(288,'2021-08-17 16:30:00','2021-08-17 17:30:00','done',15,25,10,28,22.00),(289,'2021-08-18 16:30:00','2021-08-18 17:30:00','done',5,8,10,9,22.00),(290,'2021-08-19 16:30:00','2021-08-19 17:30:00','done',6,14,9,7,21.00),(291,'2021-08-20 16:30:00','2021-08-20 17:30:00','done',15,25,10,37,22.00),(292,'2021-08-21 16:30:00','2021-08-21 17:30:00','done',12,20,11,33,23.00),(293,'2021-08-22 16:30:00','2021-08-22 17:30:00','done',5,8,11,33,23.00),(294,'2021-08-23 16:30:00','2021-08-23 17:30:00','done',18,29,10,9,22.00),(295,'2021-08-24 16:30:00','2021-08-24 17:30:00','done',8,16,10,26,22.00),(296,'2021-08-25 16:30:00','2021-08-25 17:30:00','done',4,7,12,2,24.00),(297,'2021-08-26 16:30:00','2021-08-26 17:30:00','done',15,25,10,41,22.00),(298,'2021-08-27 16:30:00','2021-08-27 17:30:00','done',20,31,9,45,21.00),(299,'2021-08-28 16:30:00','2021-08-28 17:30:00','done',8,16,10,28,22.00),(300,'2021-08-29 16:30:00','2021-08-29 17:30:00','done',8,16,10,37,22.00),(301,'2021-08-30 16:30:00','2021-08-30 17:30:00','done',13,21,7,24,19.00),(302,'2021-08-31 16:30:00','2021-08-31 17:30:00','done',7,43,11,14,23.00),(303,'2021-09-01 16:30:00','2021-09-01 17:30:00','done',13,21,8,5,20.00),(304,'2021-09-02 16:30:00','2021-09-02 17:30:00','done',9,17,10,26,22.00),(305,'2021-09-03 16:30:00','2021-09-03 17:30:00','done',14,23,12,2,24.00),(306,'2021-09-04 16:30:00','2021-09-04 17:30:00','done',5,8,11,34,23.00),(307,'2021-09-05 16:30:00','2021-09-05 17:30:00','done',10,18,10,9,22.00),(308,'2021-09-06 16:30:00','2021-09-06 17:30:00','done',8,16,10,41,22.00),(309,'2021-09-07 16:30:00','2021-09-07 17:30:00','done',19,30,6,8,18.00),(310,'2021-09-08 16:30:00','2021-09-08 17:30:00','done',10,18,10,26,22.00),(311,'2021-09-09 16:30:00','2021-09-09 17:30:00','done',10,18,10,28,22.00),(312,'2021-09-10 16:30:00','2021-09-10 17:30:00','done',14,23,12,3,24.00),(313,'2021-09-11 16:30:00','2021-09-11 17:30:00','done',5,8,11,14,23.00),(314,'2021-09-12 16:30:00','2021-09-12 17:30:00','done',2,3,10,26,22.00),(315,'2021-09-13 16:30:00','2021-09-13 17:30:00','done',2,3,8,10,20.00),(316,'2021-09-14 16:30:00','2021-09-14 17:30:00','done',6,14,9,18,21.00),(317,'2021-09-15 16:30:00','2021-09-15 17:30:00','done',1,1,10,9,22.00),(318,'2021-09-16 16:30:00','2021-09-16 17:30:00','done',4,7,12,3,24.00),(319,'2021-09-17 16:30:00','2021-09-17 17:30:00','done',4,7,12,17,24.00),(320,'2021-09-18 16:30:00','2021-09-18 17:30:00','done',1,1,11,16,23.00),(321,'2021-09-19 16:30:00','2021-09-19 17:30:00','done',6,14,9,45,21.00),(322,'2021-09-20 16:30:00','2021-09-20 17:30:00','done',11,19,8,10,20.00),(323,'2021-09-21 16:30:00','2021-09-21 17:30:00','done',12,20,11,34,23.00),(324,'2021-09-22 16:30:00','2021-09-22 17:30:00','done',8,16,11,14,23.00),(325,'2021-09-23 16:30:00','2021-09-23 17:30:00','done',15,25,10,9,22.00),(326,'2021-09-24 16:30:00','2021-09-24 17:30:00','done',2,3,9,7,21.00),(327,'2021-09-25 16:30:00','2021-09-25 17:30:00','done',13,21,7,27,19.00),(328,'2021-09-26 16:30:00','2021-09-26 17:30:00','done',4,7,12,21,24.00),(329,'2021-09-27 16:30:00','2021-09-27 17:30:00','done',5,8,10,26,22.00),(330,'2021-09-28 16:30:00','2021-09-28 17:30:00','done',20,31,9,49,21.00),(331,'2021-09-29 16:30:00','2021-09-29 17:30:00','done',3,5,5,13,17.00),(332,'2021-09-30 16:30:00','2021-09-30 17:30:00','done',2,3,10,28,22.00),(333,'2021-10-01 16:30:00','2021-10-01 17:30:00','done',7,15,11,16,23.00),(334,'2021-10-02 16:30:00','2021-10-02 17:30:00','done',14,23,12,17,24.00),(335,'2021-10-03 16:30:00','2021-10-03 17:30:00','done',14,23,12,21,24.00),(336,'2021-10-04 16:30:00','2021-10-04 17:30:00','done',19,30,6,22,18.00),(337,'2021-10-05 16:30:00','2021-10-05 17:30:00','done',17,28,10,37,22.00),(338,'2021-10-06 16:30:00','2021-10-06 17:30:00','done',4,7,12,23,24.00),(339,'2021-10-07 16:30:00','2021-10-07 17:30:00','done',11,19,8,10,20.00),(340,'2021-10-08 16:30:00','2021-10-08 17:30:00','done',2,3,9,18,21.00),(341,'2021-10-09 16:30:00','2021-10-09 17:30:00','done',13,21,8,5,20.00),(342,'2021-10-10 16:30:00','2021-10-10 17:30:00','done',8,16,11,16,23.00),(343,'2021-10-11 16:30:00','2021-10-11 17:30:00','done',1,1,11,33,23.00),(344,'2021-10-12 16:30:00','2021-10-12 17:30:00','done',5,34,8,38,20.00),(345,'2021-10-13 16:30:00','2021-10-13 17:30:00','done',20,31,8,10,20.00),(346,'2021-10-14 16:30:00','2021-10-14 17:30:00','done',12,20,11,14,23.00),(347,'2021-10-15 16:30:00','2021-10-15 17:30:00','done',18,29,10,26,22.00),(348,'2021-10-16 16:30:00','2021-10-16 17:30:00','done',20,31,8,10,20.00),(349,'2021-10-17 16:30:00','2021-10-17 17:30:00','done',16,26,7,44,19.00),(350,'2021-10-18 16:30:00','2021-10-18 17:30:00','done',20,31,8,10,20.00),(351,'2021-10-19 16:30:00','2021-10-19 17:30:00','done',2,3,9,45,21.00),(352,'2021-10-20 16:30:00','2021-10-20 17:30:00','done',9,17,10,28,22.00),(353,'2021-10-21 16:30:00','2021-10-21 17:30:00','done',2,3,8,38,20.00),(354,'2021-10-22 16:30:00','2021-10-22 17:30:00','done',17,28,10,41,22.00),(355,'2021-10-23 16:30:00','2021-10-23 17:30:00','done',13,21,7,30,19.00),(356,'2021-10-24 16:30:00','2021-10-24 17:30:00','done',17,28,10,9,22.00),(357,'2021-10-25 16:30:00','2021-10-25 17:30:00','done',2,3,10,37,22.00),(358,'2021-10-26 16:30:00','2021-10-26 17:30:00','done',13,21,7,35,19.00),(359,'2021-10-27 16:30:00','2021-10-27 17:30:00','done',4,7,12,32,24.00),(360,'2021-10-28 16:30:00','2021-10-28 17:30:00','done',5,34,9,45,21.00),(361,'2021-10-29 16:30:00','2021-10-29 17:30:00','done',18,29,10,28,22.00),(362,'2021-10-30 16:30:00','2021-10-30 17:30:00','done',12,20,11,16,23.00),(363,'2021-10-31 16:30:00','2021-10-31 17:30:00','done',4,7,12,43,24.00),(364,'2021-11-01 16:30:00','2021-11-01 17:30:00','done',5,34,8,38,20.00),(365,'2021-11-02 16:30:00','2021-11-02 17:30:00','done',10,18,10,37,22.00),(366,'2021-11-03 16:30:00','2021-11-03 17:30:00','done',7,41,10,37,22.00),(367,'2021-11-04 16:30:00','2021-11-04 17:30:00','done',11,19,8,10,20.00),(368,'2021-11-05 16:30:00','2021-11-05 17:30:00','done',3,5,5,15,17.00),(369,'2021-11-06 16:30:00','2021-11-06 17:30:00','done',18,29,10,37,22.00),(370,'2021-11-07 16:30:00','2021-11-07 17:30:00','done',5,34,9,49,21.00),(371,'2021-11-08 16:30:00','2021-11-08 17:30:00','done',9,17,11,16,23.00),(372,'2021-11-09 16:30:00','2021-11-09 17:30:00','done',18,29,10,41,22.00),(373,'2021-11-10 16:30:00','2021-11-10 17:30:00','done',6,14,9,49,21.00),(374,'2021-11-11 16:30:00','2021-11-11 17:30:00','done',12,20,11,33,23.00),(375,'2021-11-12 16:30:00','2021-11-12 17:30:00','done',8,16,11,33,23.00),(376,'2021-11-13 16:30:00','2021-11-13 17:30:00','done',11,19,8,10,20.00),(377,'2021-11-14 16:30:00','2021-11-14 17:30:00','done',15,25,10,26,22.00),(378,'2021-11-15 16:30:00','2021-11-15 17:30:00','done',10,18,10,41,22.00),(379,'2021-11-16 16:30:00','2021-11-16 17:30:00','done',12,20,11,34,23.00),(380,'2021-11-17 16:30:00','2021-11-17 17:30:00','done',1,1,11,34,23.00),(381,'2021-11-18 16:30:00','2021-11-18 17:30:00','done',16,26,7,19,19.00),(382,'2021-11-19 16:30:00','2021-11-19 17:30:00','done',20,32,8,10,20.00),(383,'2021-11-20 16:30:00','2021-11-20 17:30:00','done',3,5,8,10,20.00),(384,'2021-11-21 16:30:00','2021-11-21 17:30:00','done',11,19,8,10,20.00),(385,'2021-11-22 16:30:00','2021-11-22 17:30:00','done',5,35,10,28,22.00),(386,'2021-11-23 16:30:00','2021-11-23 17:30:00','done',12,20,11,14,23.00),(387,'2021-11-24 16:30:00','2021-11-24 17:30:00','done',18,29,10,9,22.00),(388,'2021-11-25 16:30:00','2021-11-25 17:30:00','done',4,7,12,50,24.00),(389,'2021-11-26 16:30:00','2021-11-26 17:30:00','done',20,32,8,10,20.00),(390,'2021-11-27 16:30:00','2021-11-27 17:30:00','done',11,19,8,10,20.00),(391,'2021-11-28 16:30:00','2021-11-28 17:30:00','done',8,16,11,34,23.00),(392,'2021-11-29 16:30:00','2021-11-29 17:30:00','done',8,16,11,14,23.00),(393,'2021-11-30 16:30:00','2021-11-30 17:30:00','done',16,26,7,20,19.00),(394,'2021-12-01 16:30:00','2021-12-01 17:30:00','done',19,30,6,29,18.00),(395,'2021-12-02 16:30:00','2021-12-02 17:30:00','done',14,23,12,23,24.00),(396,'2021-12-03 16:30:00','2021-12-03 17:30:00','done',12,20,11,16,23.00),(397,'2021-12-04 16:30:00','2021-12-04 17:30:00','done',2,3,9,49,21.00),(398,'2021-12-05 16:30:00','2021-12-05 17:30:00','done',10,18,10,9,22.00),(399,'2021-12-06 16:30:00','2021-12-06 17:30:00','done',5,35,11,16,23.00),(400,'2021-12-07 16:30:00','2021-12-07 17:30:00','done',20,32,8,10,20.00),(401,'2021-12-08 16:30:00','2021-12-08 17:30:00','done',13,21,7,36,19.00),(402,'2021-12-09 16:30:00','2021-12-09 17:30:00','done',7,43,11,33,23.00),(403,'2021-12-10 16:30:00','2021-12-10 17:30:00','done',3,5,8,38,20.00),(404,'2021-12-11 16:30:00','2021-12-11 17:30:00','done',3,5,5,25,17.00),(405,'2021-12-12 16:30:00','2021-12-12 17:30:00','done',7,43,12,2,24.00),(406,'2021-12-13 16:30:00','2021-12-13 17:30:00','done',14,23,12,32,24.00),(407,'2021-12-14 16:30:00','2021-12-14 17:30:00','done',5,35,12,23,24.00),(408,'2021-12-15 16:30:00','2021-12-15 17:30:00','done',15,25,10,28,22.00),(409,'2021-12-16 16:30:00','2021-12-16 17:30:00','done',11,19,8,10,20.00),(410,'2021-12-17 16:30:00','2021-12-17 17:30:00','done',20,32,8,10,20.00),(412,'2021-12-19 16:30:00','2021-12-19 17:30:00','done',7,41,10,41,22.00),(413,'2021-12-20 16:30:00','2021-12-20 17:30:00','done',12,20,11,33,23.00),(414,'2021-12-21 16:30:00','2021-12-21 17:30:00','done',12,20,11,34,23.00),(415,'2021-12-22 16:30:00','2021-12-22 17:30:00','done',13,21,8,38,20.00),(416,'2021-12-23 16:30:00','2021-12-23 17:30:00','done',16,26,7,24,19.00),(417,'2021-12-24 16:30:00','2021-12-24 17:30:00','done',14,23,12,43,24.00),(418,'2021-12-25 16:30:00','2021-12-25 17:30:00','done',4,7,12,2,24.00),(419,'2021-12-26 16:30:00','2021-12-26 17:30:00','done',9,17,11,33,23.00),(420,'2021-12-27 16:30:00','2021-12-27 17:30:00','done',11,19,8,10,20.00),(421,'2021-12-28 16:30:00','2021-12-28 17:30:00','done',2,3,10,41,22.00),(422,'2021-12-29 16:30:00','2021-12-29 17:30:00','done',8,16,12,23,24.00),(423,'2021-12-30 16:30:00','2021-12-30 17:30:00','done',7,15,11,34,23.00),(424,'2021-12-31 16:30:00','2021-12-31 17:30:00','done',13,21,8,38,20.00),(425,'2022-01-01 16:30:00','2022-01-01 17:30:00','done',11,19,8,5,20.00),(426,'2022-01-02 16:30:00','2022-01-02 17:30:00','done',7,41,10,9,22.00),(427,'2022-01-03 16:30:00','2022-01-03 17:30:00','done',12,20,11,14,23.00),(428,'2022-01-04 16:30:00','2022-01-04 17:30:00','done',8,16,12,32,24.00),(429,'2022-01-05 16:30:00','2022-01-05 17:30:00','done',7,43,12,3,24.00),(430,'2022-01-06 16:30:00','2022-01-06 17:30:00','done',10,18,11,16,23.00),(431,'2022-01-07 16:30:00','2022-01-07 17:30:00','done',14,23,12,50,24.00),(432,'2022-01-08 16:30:00','2022-01-08 17:30:00','done',11,19,8,5,20.00),(433,'2022-01-09 16:30:00','2022-01-09 17:30:00','done',11,19,8,5,20.00),(434,'2022-01-10 16:30:00','2022-01-10 17:30:00','done',6,14,9,6,21.00),(435,'2022-01-11 16:30:00','2022-01-11 17:30:00','done',3,5,8,38,20.00),(436,'2022-01-12 16:30:00','2022-01-12 17:30:00','done',13,21,8,38,20.00),(437,'2022-01-13 16:30:00','2022-01-13 17:30:00','done',8,16,12,43,24.00),(438,'2022-01-14 16:30:00','2022-01-14 17:30:00','done',14,23,12,2,24.00),(439,'2022-01-15 16:30:00','2022-01-15 17:30:00','done',16,26,7,27,19.00),(440,'2022-01-16 16:30:00','2022-01-16 17:30:00','done',6,14,9,7,21.00),(441,'2022-01-17 16:30:00','2022-01-17 17:30:00','done',2,3,8,5,20.00),(442,'2022-01-18 16:30:00','2022-01-18 17:30:00','done',3,5,5,31,17.00),(443,'2022-01-19 16:30:00','2022-01-19 17:30:00','done',20,33,10,26,22.00),(444,'2022-01-20 16:30:00','2022-01-20 17:30:00','done',6,14,9,18,21.00),(445,'2022-01-21 16:30:00','2022-01-21 17:30:00','done',7,15,10,26,22.00),(446,'2022-01-22 16:30:00','2022-01-22 17:30:00','done',18,29,10,26,22.00),(447,'2022-01-23 16:30:00','2022-01-23 17:30:00','done',3,5,5,48,17.00),(448,'2022-01-24 16:30:00','2022-01-24 17:30:00','done',17,28,11,34,23.00),(449,'2022-01-25 16:30:00','2022-01-25 17:30:00','done',15,25,10,37,22.00),(450,'2022-01-26 16:30:00','2022-01-26 17:30:00','done',3,5,8,38,20.00),(451,'2022-01-27 16:30:00','2022-01-27 17:30:00','done',18,29,10,28,22.00),(452,'2022-01-28 16:30:00','2022-01-28 17:30:00','done',6,14,9,45,21.00),(453,'2022-01-29 16:30:00','2022-01-29 17:30:00','done',4,7,12,3,24.00),(454,'2022-01-30 16:30:00','2022-01-30 17:30:00','done',2,3,10,9,22.00),(455,'2022-01-31 16:30:00','2022-01-31 17:30:00','done',12,20,11,16,23.00),(456,'2022-02-01 16:30:00','2022-02-01 17:30:00','done',17,28,11,14,23.00),(457,'2022-02-02 16:30:00','2022-02-02 17:30:00','done',18,29,10,37,22.00),(458,'2022-02-03 16:30:00','2022-02-03 17:30:00','done',2,3,10,26,22.00),(459,'2022-02-04 16:30:00','2022-02-04 17:30:00','done',3,5,5,4,17.00),(460,'2022-02-05 16:30:00','2022-02-05 17:30:00','done',9,17,11,34,23.00),(461,'2022-02-06 16:30:00','2022-02-06 17:30:00','done',6,14,9,49,21.00),(462,'2022-02-07 16:30:00','2022-02-07 17:30:00','done',7,41,10,28,22.00),(463,'2022-02-08 16:30:00','2022-02-08 17:30:00','done',17,28,11,16,23.00),(464,'2022-02-09 16:30:00','2022-02-09 17:30:00','done',3,5,5,11,17.00),(465,'2022-02-10 16:30:00','2022-02-10 17:30:00','done',11,19,8,5,20.00),(466,'2022-02-11 16:30:00','2022-02-11 17:30:00','done',19,30,6,42,18.00),(467,'2022-02-12 16:30:00','2022-02-12 17:30:00','done',9,17,11,14,23.00),(468,'2022-02-13 16:30:00','2022-02-13 17:30:00','done',15,25,10,41,22.00),(469,'2022-02-14 16:30:00','2022-02-14 17:30:00','done',12,20,11,33,23.00),(470,'2022-02-15 16:30:00','2022-02-15 17:30:00','done',5,36,10,37,22.00),(471,'2022-02-16 16:30:00','2022-02-16 17:30:00','done',17,28,11,33,23.00),(472,'2022-02-17 16:30:00','2022-02-17 17:30:00','done',20,33,10,28,22.00),(473,'2022-02-18 16:30:00','2022-02-18 17:30:00','done',6,14,9,6,21.00),(474,'2022-02-19 16:30:00','2022-02-19 17:30:00','done',15,25,10,9,22.00),(475,'2022-02-20 16:30:00','2022-02-20 17:30:00','done',2,3,9,6,21.00),(476,'2022-02-21 16:30:00','2022-02-21 17:30:00','done',5,36,10,41,22.00),(477,'2022-02-22 16:30:00','2022-02-22 17:30:00','done',14,23,12,3,24.00),(478,'2022-02-23 16:30:00','2022-02-23 17:30:00','done',3,5,8,38,20.00),(479,'2022-02-24 16:30:00','2022-02-24 17:30:00','done',4,7,12,17,24.00),(480,'2022-02-25 16:30:00','2022-02-25 17:30:00','done',17,28,11,34,23.00),(481,'2022-02-26 16:30:00','2022-02-26 17:30:00','done',12,20,11,34,23.00),(482,'2022-02-27 16:30:00','2022-02-27 17:30:00','done',11,19,8,5,20.00),(483,'2022-02-28 16:30:00','2022-02-28 17:30:00','done',18,29,10,41,22.00),(484,'2022-03-01 16:30:00','2022-03-01 17:30:00','done',19,30,6,46,18.00),(485,'2022-03-02 16:30:00','2022-03-02 17:30:00','done',12,20,11,14,23.00),(486,'2022-03-03 16:30:00','2022-03-03 17:30:00','done',1,1,10,26,22.00),(487,'2022-03-04 16:30:00','2022-03-04 17:30:00','done',2,3,8,10,20.00),(488,'2022-03-05 16:30:00','2022-03-05 17:30:00','done',17,28,11,14,23.00),(489,'2022-03-06 16:30:00','2022-03-06 17:30:00','done',2,3,10,28,22.00),(490,'2022-03-07 16:30:00','2022-03-07 17:30:00','done',4,7,12,21,24.00),(491,'2022-03-08 16:30:00','2022-03-08 17:30:00','done',12,20,11,16,23.00),(492,'2022-03-09 16:30:00','2022-03-09 17:30:00','done',4,7,12,23,24.00),(493,'2022-03-10 16:30:00','2022-03-10 17:30:00','done',10,18,11,33,23.00),(494,'2022-03-11 16:30:00','2022-03-11 17:30:00','done',1,1,11,14,23.00),(495,'2022-03-12 16:30:00','2022-03-12 17:30:00','done',18,29,10,9,22.00),(496,'2022-03-13 16:30:00','2022-03-13 17:30:00','done',2,3,8,38,20.00),(497,'2022-03-14 16:30:00','2022-03-14 17:30:00','done',19,30,6,47,18.00),(498,'2022-03-15 16:30:00','2022-03-15 17:30:00','done',10,18,11,34,23.00),(499,'2022-03-16 16:30:00','2022-03-16 17:30:00','done',5,38,11,34,23.00),(500,'2022-03-17 16:30:00','2022-03-17 17:30:00','done',15,25,10,26,22.00),(501,'2022-03-18 16:30:00','2022-03-18 17:30:00','done',11,19,8,5,20.00),(502,'2022-03-19 16:30:00','2022-03-19 17:30:00','done',4,7,12,32,24.00),(503,'2022-03-20 16:30:00','2022-03-20 17:30:00','done',18,29,10,26,22.00),(504,'2022-03-21 16:30:00','2022-03-21 17:30:00','done',15,25,10,28,22.00),(505,'2022-03-22 16:30:00','2022-03-22 17:30:00','done',12,20,11,33,23.00),(506,'2022-03-23 16:30:00','2022-03-23 17:30:00','done',4,7,12,43,24.00),(507,'2022-03-24 16:30:00','2022-03-24 17:30:00','done',4,7,12,50,24.00),(508,'2022-03-25 16:30:00','2022-03-25 17:30:00','done',14,23,12,17,24.00),(509,'2022-03-26 16:30:00','2022-03-26 17:30:00','done',5,38,11,14,23.00),(510,'2022-03-27 16:30:00','2022-03-27 17:30:00','done',2,3,10,37,22.00),(511,'2022-03-28 16:30:00','2022-03-28 17:30:00','done',19,30,6,1,18.00),(512,'2022-03-29 16:30:00','2022-03-29 17:30:00','done',4,7,12,2,24.00),(513,'2022-03-30 16:30:00','2022-03-30 17:30:00','done',8,42,12,50,24.00),(514,'2022-03-31 16:30:00','2022-03-31 17:30:00','done',11,19,8,5,20.00),(515,'2022-04-01 16:30:00','2022-04-01 17:30:00','done',17,28,10,26,22.00),(516,'2022-04-02 16:30:00','2022-04-02 17:30:00','done',6,14,9,7,21.00),(517,'2022-04-03 16:30:00','2022-04-03 17:30:00','done',19,30,6,8,18.00),(518,'2022-04-04 16:30:00','2022-04-04 17:30:00','done',1,1,10,28,22.00),(519,'2022-04-05 16:30:00','2022-04-05 17:30:00','done',6,14,9,18,21.00),(520,'2022-04-06 16:30:00','2022-04-06 17:30:00','done',8,42,12,2,24.00),(521,'2022-04-07 16:30:00','2022-04-07 17:30:00','done',12,20,11,34,23.00),(522,'2022-04-08 16:30:00','2022-04-08 17:30:00','done',19,30,6,22,18.00),(523,'2022-04-09 16:30:00','2022-04-09 17:30:00','done',13,21,8,38,20.00),(524,'2022-04-10 16:30:00','2022-04-10 17:30:00','done',13,21,8,38,20.00),(525,'2022-04-11 16:30:00','2022-04-11 17:30:00','done',1,1,11,16,23.00),(526,'2022-04-12 16:30:00','2022-04-12 17:30:00','done',18,29,10,28,22.00),(527,'2022-04-13 16:30:00','2022-04-13 17:30:00','done',9,17,12,21,24.00),(528,'2022-04-14 16:30:00','2022-04-14 17:30:00','done',10,18,11,14,23.00),(529,'2022-04-15 16:30:00','2022-04-15 17:30:00','done',9,17,12,23,24.00),(530,'2022-04-16 16:30:00','2022-04-16 17:30:00','done',7,43,12,17,24.00),(531,'2022-04-17 16:30:00','2022-04-17 17:30:00','done',2,3,8,5,20.00),(532,'2022-04-18 16:30:00','2022-04-18 17:30:00','done',19,40,7,36,19.00),(533,'2022-04-19 16:30:00','2022-04-19 17:30:00','done',7,41,10,37,22.00),(534,'2022-04-20 16:30:00','2022-04-20 17:30:00','done',8,42,12,3,24.00),(535,'2022-12-22 16:30:00','2022-12-22 17:30:00','canceled',2,3,9,7,21.00),(536,'2022-12-23 16:30:00','2022-12-23 17:30:00','scheduled',18,29,10,37,22.00),(537,'2022-12-24 16:30:00','2022-12-24 17:30:00','scheduled',18,29,10,41,22.00),(538,'2022-12-25 16:30:00','2022-12-25 17:30:00','canceled',3,5,8,38,20.00),(539,'2022-12-26 16:30:00','2022-12-26 17:30:00','scheduled',2,3,8,10,20.00),(540,'2022-12-27 16:30:00','2022-12-27 17:30:00','scheduled',5,38,11,16,23.00),(541,'2022-12-28 16:30:00','2022-12-28 17:30:00','scheduled',12,20,11,14,23.00),(542,'2022-12-29 16:30:00','2022-12-29 17:30:00','scheduled',4,7,12,3,24.00),(543,'2022-12-30 16:30:00','2022-12-30 17:30:00','scheduled',14,23,12,21,24.00),(544,'2022-12-31 16:30:00','2022-12-31 17:30:00','scheduled',14,23,12,23,24.00),(545,'2023-01-01 16:30:00','2023-01-01 17:30:00','scheduled',8,42,12,17,24.00),(546,'2023-01-02 16:30:00','2023-01-02 17:30:00','scheduled',10,18,11,16,23.00),(547,'2023-01-03 16:30:00','2023-01-03 17:30:00','canceled',11,19,8,5,20.00),(548,'2023-01-04 16:30:00','2023-01-04 17:30:00','scheduled',13,21,8,38,20.00),(549,'2023-01-05 16:30:00','2023-01-05 17:30:00','scheduled',13,21,8,38,20.00),(550,'2023-01-06 16:30:00','2023-01-06 17:30:00','scheduled',19,40,8,10,20.00),(551,'2023-01-07 16:30:00','2023-01-07 17:30:00','scheduled',10,18,11,33,23.00),(552,'2023-01-08 16:30:00','2023-01-08 17:30:00','scheduled',9,42,12,32,24.00),(553,'2023-01-09 16:30:00','2023-01-09 17:30:00','scheduled',12,20,11,16,23.00),(554,'2023-01-10 16:30:00','2023-01-10 17:30:00','scheduled',19,40,9,7,21.00),(555,'2023-01-11 16:30:00','2023-01-11 17:30:00','scheduled',6,14,9,45,21.00),(556,'2023-01-12 16:30:00','2023-01-12 17:30:00','scheduled',19,40,11,34,23.00),(557,'2023-01-13 16:30:00','2023-01-13 17:30:00','scheduled',14,23,12,32,24.00),(558,'2023-01-14 16:30:00','2023-01-14 17:30:00','canceled',9,42,12,43,24.00),(559,'2023-01-15 16:30:00','2023-01-15 17:30:00','scheduled',19,40,12,2,24.00),(560,'2023-01-16 16:30:00','2023-01-16 17:30:00','scheduled',4,7,12,17,24.00),(561,'2023-01-17 16:30:00','2023-01-17 17:30:00','scheduled',2,3,8,38,20.00),(562,'2023-01-18 16:30:00','2023-01-18 17:30:00','scheduled',6,14,9,49,21.00),(563,'2023-01-19 16:30:00','2023-01-19 17:30:00','canceled',6,14,9,6,21.00),(564,'2023-01-20 16:30:00','2023-01-20 17:30:00','scheduled',5,38,11,33,23.00),(565,'2023-01-21 16:30:00','2023-01-21 17:30:00','scheduled',1,1,10,37,22.00),(566,'2023-01-22 16:30:00','2023-01-22 17:30:00','scheduled',14,23,12,43,24.00),(567,'2023-01-23 16:30:00','2023-01-23 17:30:00','scheduled',3,5,8,38,20.00),(568,'2023-01-24 16:30:00','2023-01-24 17:30:00','canceled',15,25,10,37,22.00),(569,'2023-01-25 16:30:00','2023-01-25 17:30:00','scheduled',1,1,10,41,22.00),(570,'2023-01-26 16:30:00','2023-01-26 17:30:00','scheduled',20,33,10,37,22.00),(571,'2023-01-27 16:30:00','2023-01-27 17:30:00','scheduled',4,7,12,21,24.00),(572,'2023-01-28 16:30:00','2023-01-28 17:30:00','scheduled',2,3,10,41,22.00),(573,'2023-01-29 16:30:00','2023-01-29 17:30:00','scheduled',19,40,10,9,22.00),(574,'2023-01-30 16:30:00','2023-01-30 17:30:00','canceled',9,42,12,50,24.00),(575,'2023-01-31 16:30:00','2023-01-31 17:30:00','canceled',11,19,8,5,20.00),(576,'2023-02-01 16:30:00','2023-02-01 17:30:00','scheduled',10,18,11,34,23.00),(577,'2023-02-02 16:30:00','2023-02-02 17:30:00','scheduled',7,41,10,41,22.00),(578,'2023-02-03 16:30:00','2023-02-03 17:30:00','scheduled',17,28,10,28,22.00),(579,'2023-02-04 16:30:00','2023-02-04 17:30:00','canceled',17,28,11,16,23.00),(580,'2023-02-05 16:30:00','2023-02-05 17:30:00','canceled',14,23,12,50,24.00),(581,'2023-02-06 16:30:00','2023-02-06 17:30:00','scheduled',5,44,12,32,24.00),(582,'2023-02-07 16:30:00','2023-02-07 17:30:00','scheduled',12,20,11,33,23.00),(583,'2023-02-08 16:30:00','2023-02-08 17:30:00','scheduled',16,26,7,30,19.00),(584,'2023-02-09 16:30:00','2023-02-09 17:30:00','scheduled',2,3,9,18,21.00),(586,'2023-02-11 16:30:00','2023-02-11 17:30:00','scheduled',16,26,7,35,19.00),(587,'2023-02-12 16:30:00','2023-02-12 17:30:00','scheduled',11,19,8,5,20.00),(588,'2023-02-13 16:30:00','2023-02-13 17:30:00','scheduled',2,3,8,5,20.00),(589,'2023-02-14 16:30:00','2023-02-14 17:30:00','scheduled',3,5,5,12,17.00),(591,'2023-02-16 16:30:00','2023-02-16 17:30:00','scheduled',19,40,12,3,24.00),(592,'2023-02-17 16:30:00','2023-02-17 17:30:00','scheduled',7,43,12,21,24.00),(593,'2023-02-18 16:30:00','2023-02-18 17:30:00','scheduled',17,28,10,37,22.00),(594,'2023-02-19 16:30:00','2023-02-19 17:30:00','scheduled',19,40,11,14,23.00),(596,'2023-02-21 16:30:00','2023-02-21 17:30:00','canceled',5,44,12,43,24.00),(597,'2023-02-22 16:30:00','2023-02-22 17:30:00','scheduled',5,44,12,50,24.00),(598,'2023-02-23 16:30:00','2023-02-23 17:30:00','scheduled',17,28,11,33,23.00),(599,'2023-02-24 16:30:00','2023-02-24 17:30:00','scheduled',10,18,11,14,23.00),(600,'2023-02-25 16:30:00','2023-02-25 17:30:00','scheduled',13,21,8,38,20.00),(601,'2023-01-11 17:00:00','2023-01-11 18:00:00','scheduled',13,21,7,2,19.00),(602,'2023-01-13 17:00:00','2023-01-13 19:00:00','scheduled',13,21,7,2,38.00),(603,'2023-01-14 17:00:00','2023-01-14 19:00:00','scheduled',1,1,10,2,44.00);
/*!40000 ALTER TABLE `sessions` ENABLE KEYS */;
UNLOCK TABLES;
/*!50003 SET @saved_cs_client      = @@character_set_client */ ;
/*!50003 SET @saved_cs_results     = @@character_set_results */ ;
/*!50003 SET @saved_col_connection = @@collation_connection */ ;
/*!50003 SET character_set_client  = utf8mb4 */ ;
/*!50003 SET character_set_results = utf8mb4 */ ;
/*!50003 SET collation_connection  = utf8mb4_0900_ai_ci */ ;
/*!50003 SET @saved_sql_mode       = @@sql_mode */ ;
/*!50003 SET sql_mode              = 'STRICT_TRANS_TABLES,NO_ENGINE_SUBSTITUTION' */ ;
DELIMITER ;;
/*!50003 CREATE*/ /*!50017 DEFINER=`root`@`localhost`*/ /*!50003 TRIGGER `check_slot_availabity` BEFORE INSERT ON `sessions` FOR EACH ROW begin
	if exists (select start_time, end_time from sessions
		where start_time <= new.end_time
		and end_time >= new.start_time
        and new.tutor_id = tutor_id
        and status != "canceled") then
		signal sqlstate '45000' SET MESSAGE_TEXT = 'There is already a session with this tutor in this time slot.';
	end if;
end */;;
DELIMITER ;
/*!50003 SET sql_mode              = @saved_sql_mode */ ;
/*!50003 SET character_set_client  = @saved_cs_client */ ;
/*!50003 SET character_set_results = @saved_cs_results */ ;
/*!50003 SET collation_connection  = @saved_col_connection */ ;
/*!50003 SET @saved_cs_client      = @@character_set_client */ ;
/*!50003 SET @saved_cs_results     = @@character_set_results */ ;
/*!50003 SET @saved_col_connection = @@collation_connection */ ;
/*!50003 SET character_set_client  = utf8mb4 */ ;
/*!50003 SET character_set_results = utf8mb4 */ ;
/*!50003 SET collation_connection  = utf8mb4_0900_ai_ci */ ;
/*!50003 SET @saved_sql_mode       = @@sql_mode */ ;
/*!50003 SET sql_mode              = 'STRICT_TRANS_TABLES,NO_ENGINE_SUBSTITUTION' */ ;
DELIMITER ;;
/*!50003 CREATE*/ /*!50017 DEFINER=`root`@`localhost`*/ /*!50003 TRIGGER `session_integrity` BEFORE INSERT ON `sessions` FOR EACH ROW begin
	if new.end_time <= new.start_time then
		signal sqlstate '45000' SET MESSAGE_TEXT = 'The ending time of the session cannot be before the starting time.';
	elseif new.status = 'done' 
		and new.start_time > NOW() then
		signal sqlstate '45000' SET MESSAGE_TEXT = 'You cannot schedule a session with a status equal to "done".';
    elseif new.status = 'scheduled'
		and new.start_time < NOW() then
		signal sqlstate '45000' SET MESSAGE_TEXT = 'You cannot schedule a session in the past.';
    elseif exists (select start_time, end_time from sessions
		where start_time <= new.end_time
		and end_time >= new.start_time
        and new.tutor_id = tutor_id
        and status != 'canceled') then
		signal sqlstate '45000' SET MESSAGE_TEXT = 'There is already a session with this tutor in this time slot.';
	else
		set new.session_price = (select tc.pay_per_hour * hour(new.end_time - new.start_time)
								from tutors_courses as tc 
								where tc.tutor_id = new.tutor_id 
								and tc.course_id = new.course_id 
								and tc.school_year_id = new.school_year_id
                                limit 1);
    end if;
end */;;
DELIMITER ;
/*!50003 SET sql_mode              = @saved_sql_mode */ ;
/*!50003 SET character_set_client  = @saved_cs_client */ ;
/*!50003 SET character_set_results = @saved_cs_results */ ;
/*!50003 SET collation_connection  = @saved_col_connection */ ;
/*!50003 SET @saved_cs_client      = @@character_set_client */ ;
/*!50003 SET @saved_cs_results     = @@character_set_results */ ;
/*!50003 SET @saved_col_connection = @@collation_connection */ ;
/*!50003 SET character_set_client  = utf8mb4 */ ;
/*!50003 SET character_set_results = utf8mb4 */ ;
/*!50003 SET collation_connection  = utf8mb4_0900_ai_ci */ ;
/*!50003 SET @saved_sql_mode       = @@sql_mode */ ;
/*!50003 SET sql_mode              = 'STRICT_TRANS_TABLES,NO_ENGINE_SUBSTITUTION' */ ;
DELIMITER ;;
/*!50003 CREATE*/ /*!50017 DEFINER=`root`@`localhost`*/ /*!50003 TRIGGER `prohibit_cancel` BEFORE UPDATE ON `sessions` FOR EACH ROW begin
	if old.status = 'done' 
		and new.status = 'canceled' then
		signal sqlstate '45000' SET MESSAGE_TEXT = 'You cannnot cancel a session that has already happened';
    end if;
end */;;
DELIMITER ;
/*!50003 SET sql_mode              = @saved_sql_mode */ ;
/*!50003 SET character_set_client  = @saved_cs_client */ ;
/*!50003 SET character_set_results = @saved_cs_results */ ;
/*!50003 SET collation_connection  = @saved_col_connection */ ;

--
-- Table structure for table `students`
--

DROP TABLE IF EXISTS `students`;
/*!40101 SET @saved_cs_client     = @@character_set_client */;
/*!50503 SET character_set_client = utf8mb4 */;
CREATE TABLE `students` (
  `STUDENT_ID` int NOT NULL AUTO_INCREMENT,
  `STUDENT_NAME` varchar(100) NOT NULL,
  `STUDENT_BIRTHDAY` date NOT NULL,
  `STUDENT_CONTACT` varchar(45) DEFAULT NULL,
  `STUDENT_GENDER` varchar(1) DEFAULT NULL,
  `CURRENT_SCHOOL_YEAR` varchar(5) NOT NULL,
  PRIMARY KEY (`STUDENT_ID`),
  KEY `STUDENT_NAME` (`STUDENT_NAME`)
) ENGINE=InnoDB AUTO_INCREMENT=52 DEFAULT CHARSET=utf8mb3;
/*!40101 SET character_set_client = @saved_cs_client */;

--
-- Dumping data for table `students`
--

LOCK TABLES `students` WRITE;
/*!40000 ALTER TABLE `students` DISABLE KEYS */;
INSERT INTO `students` VALUES (1,'Avô Cantigas','2011-12-02','enintend@comcast.net','f','6'),(2,'Tiago Neves','2005-03-17','geeber@me.com','m','12'),(3,'Maiara Nogueira','2005-03-16','scotfl@icloud.com','f','12'),(4,'Jacinta Pascoal','2012-11-18','slaff@comcast.net','f','5'),(5,'Alice Matos','2009-12-14','phyruxus@comcast.net','f','8'),(6,'Alice Montenegro','2008-02-10','wayward@yahoo.com','f','9'),(7,'Melissa Mendes','2008-06-22','lbaxter@optonline.net','f','9'),(8,'Carina Alcantara','2011-03-15','mugwump@optonline.net','f','6'),(9,'Vasco Mendes','2007-11-18','monkeydo@aol.com','m','10'),(10,'Gilda Azevedo','2009-03-07','frode@icloud.com','f','8'),(11,'Josefa Cerqueira','2012-01-27','frode@msn.com','f','5'),(12,'Marco Miranda','2012-12-28','oneiros@gmail.com','m','5'),(13,'Silvia Cunha','2012-04-28','msloan@mac.com','f','5'),(14,'Armando Pereira','2006-06-18','stefano@verizon.net','m','11'),(15,'Andreia Alvim','2012-10-10','scottzed@me.com','f','5'),(16,'Sebastiao Morgado','2006-01-18','benanov@aol.com','m','11'),(17,'Rute Macedo','2005-02-11','jbryan@gmail.com','f','12'),(18,'Maria Costa','2008-10-04','barjam@optonline.net','f','9'),(19,'Maia Aguiar','2010-12-03','cantu@sbcglobal.net','f','7'),(20,'Lena Amaral','2010-12-15','dleconte@mac.com','f','7'),(21,'Adriana Valente','2005-10-16','barlow@yahoo.com','f','12'),(22,'Fabiana Correia','2011-05-03','gospodin@live.com','f','6'),(23,'Sonia Duarte','2005-05-11','pkplex@gmail.com','f','12'),(24,'Afonso Alexandre','2010-09-13','johnh@aol.com','m','7'),(25,'Nuno Nunes','2012-05-16','nwiger@comcast.net','m','5'),(26,'Benigna Sequeira','2007-12-05','juerd@comcast.net','f','10'),(27,'Marco Botelho','2010-08-14','natepuri@live.com','m','7'),(28,'Diogo Aguiar','2007-06-13','hedwig@gmail.com','m','10'),(29,'Luana Furtado','2011-05-16','wiseb@optonline.net','f','6'),(30,'Amadeu Mata','2010-05-22','aegreene@hotmail.com','m','7'),(31,'Beatriz Serra','2012-08-16','elflord@optonline.net','f','5'),(32,'Cristina Moniz','2005-07-04','oster@msn.com','f','12'),(33,'Beatriz Moreira','2006-05-24','jsmith@outlook.com','f','11'),(34,'Melissa Bastos','2006-02-23','sisyphus@att.net','f','11'),(35,'Estela Nunes','2010-02-02','dinther@outlook.com','f','7'),(36,'Regina Ribeiro','2010-07-11','grolschie@optonline.net','f','7'),(37,'Simao Alvim','2007-06-14','keijser@comcast.net','m','10'),(38,'Tatiana Teixeira','2009-02-10','pkplex@yahoo.com','f','8'),(39,'Isis Pacheco','2010-08-30','yumpy@yahoo.com','f','7'),(40,'Maria Aguas','2010-06-23','payned@yahoo.com','f','7'),(41,'Suzana Gomes','2007-12-10','jorgb@comcast.net','f','10'),(42,'Mariana Antunes','2011-12-24','jgmyers@gmail.com','f','6'),(43,'Carlota Nogueira','2005-03-09','srour@verizon.net','f','12'),(44,'Felicidade Garcia','2010-11-15','aschmitz@gmail.com','f','7'),(45,'Gaspar Monteiro','2008-04-09','sakusha@att.net','m','9'),(46,'Edgar Mata','2011-10-06','tubesteak@me.com','m','6'),(47,'Celio Batista','2011-12-17','dleconte@yahoo.com','m','6'),(48,'Nataniel Dantas','2012-03-27','mpiotr@yahoo.ca','m','5'),(49,'Filipe de Lima','2008-02-26','tattooman@live.com','m','9'),(50,'Cosme Salgado','2005-09-21','forsberg@gmail.com','m','12');
/*!40000 ALTER TABLE `students` ENABLE KEYS */;
UNLOCK TABLES;
/*!50003 SET @saved_cs_client      = @@character_set_client */ ;
/*!50003 SET @saved_cs_results     = @@character_set_results */ ;
/*!50003 SET @saved_col_connection = @@collation_connection */ ;
/*!50003 SET character_set_client  = utf8mb4 */ ;
/*!50003 SET character_set_results = utf8mb4 */ ;
/*!50003 SET collation_connection  = utf8mb4_0900_ai_ci */ ;
/*!50003 SET @saved_sql_mode       = @@sql_mode */ ;
/*!50003 SET sql_mode              = 'STRICT_TRANS_TABLES,NO_ENGINE_SUBSTITUTION' */ ;
DELIMITER ;;
/*!50003 CREATE*/ /*!50017 DEFINER=`root`@`localhost`*/ /*!50003 TRIGGER `after_student_insert` AFTER INSERT ON `students` FOR EACH ROW begin
	insert into logs (CREATED_AT, STUDENT_ID, STUDENT_NAME, EVENT_TYPE) values 
    (NOW(), new.student_id, new.student_name , "Insert");
end */;;
DELIMITER ;
/*!50003 SET sql_mode              = @saved_sql_mode */ ;
/*!50003 SET character_set_client  = @saved_cs_client */ ;
/*!50003 SET character_set_results = @saved_cs_results */ ;
/*!50003 SET collation_connection  = @saved_col_connection */ ;
/*!50003 SET @saved_cs_client      = @@character_set_client */ ;
/*!50003 SET @saved_cs_results     = @@character_set_results */ ;
/*!50003 SET @saved_col_connection = @@collation_connection */ ;
/*!50003 SET character_set_client  = utf8mb4 */ ;
/*!50003 SET character_set_results = utf8mb4 */ ;
/*!50003 SET collation_connection  = utf8mb4_0900_ai_ci */ ;
/*!50003 SET @saved_sql_mode       = @@sql_mode */ ;
/*!50003 SET sql_mode              = 'STRICT_TRANS_TABLES,NO_ENGINE_SUBSTITUTION' */ ;
DELIMITER ;;
/*!50003 CREATE*/ /*!50017 DEFINER=`root`@`localhost`*/ /*!50003 TRIGGER `after_student_update` AFTER UPDATE ON `students` FOR EACH ROW begin
	insert into logs (CREATED_AT, STUDENT_ID, STUDENT_NAME, EVENT_TYPE, OLD_RECORD, NEW_RECORD) values 
    (NOW(), old.student_id, old.student_name , "Update", concat(old.student_name, '; ', old.student_birthday, '; ', old.student_contact, '; ', old.student_gender, '; ', old.current_school_year), concat(new.student_name, '; ', new.student_birthday, '; ', new.student_contact, '; ', new.student_gender, '; ', new.current_school_year));
end */;;
DELIMITER ;
/*!50003 SET sql_mode              = @saved_sql_mode */ ;
/*!50003 SET character_set_client  = @saved_cs_client */ ;
/*!50003 SET character_set_results = @saved_cs_results */ ;
/*!50003 SET collation_connection  = @saved_col_connection */ ;
/*!50003 SET @saved_cs_client      = @@character_set_client */ ;
/*!50003 SET @saved_cs_results     = @@character_set_results */ ;
/*!50003 SET @saved_col_connection = @@collation_connection */ ;
/*!50003 SET character_set_client  = utf8mb4 */ ;
/*!50003 SET character_set_results = utf8mb4 */ ;
/*!50003 SET collation_connection  = utf8mb4_0900_ai_ci */ ;
/*!50003 SET @saved_sql_mode       = @@sql_mode */ ;
/*!50003 SET sql_mode              = 'STRICT_TRANS_TABLES,NO_ENGINE_SUBSTITUTION' */ ;
DELIMITER ;;
/*!50003 CREATE*/ /*!50017 DEFINER=`root`@`localhost`*/ /*!50003 TRIGGER `after_student_delete` AFTER DELETE ON `students` FOR EACH ROW begin
	insert into logs (CREATED_AT, STUDENT_ID, STUDENT_NAME, EVENT_TYPE) values 
    (NOW(), old.student_id, old.student_name , "Delete");
end */;;
DELIMITER ;
/*!50003 SET sql_mode              = @saved_sql_mode */ ;
/*!50003 SET character_set_client  = @saved_cs_client */ ;
/*!50003 SET character_set_results = @saved_cs_results */ ;
/*!50003 SET collation_connection  = @saved_col_connection */ ;

--
-- Table structure for table `tutoring_centres`
--

DROP TABLE IF EXISTS `tutoring_centres`;
/*!40101 SET @saved_cs_client     = @@character_set_client */;
/*!50503 SET character_set_client = utf8mb4 */;
CREATE TABLE `tutoring_centres` (
  `TUTORING_CENTRE_ID` int NOT NULL AUTO_INCREMENT,
  `ADDRESS` varchar(45) NOT NULL,
  `TUTORING_CENTRE_CONTACT` varchar(45) DEFAULT NULL,
  `MUNICIPALITY_ID` int NOT NULL,
  PRIMARY KEY (`TUTORING_CENTRE_ID`),
  KEY `fk_Tutoring_Centres_Municipalities1_idx` (`MUNICIPALITY_ID`),
  CONSTRAINT `fk_Tutoring_Centres_Municipalities1` FOREIGN KEY (`MUNICIPALITY_ID`) REFERENCES `municipalities` (`MUNICIPALITY_ID`)
) ENGINE=InnoDB AUTO_INCREMENT=6 DEFAULT CHARSET=utf8mb3;
/*!40101 SET character_set_client = @saved_cs_client */;

--
-- Dumping data for table `tutoring_centres`
--

LOCK TABLES `tutoring_centres` WRITE;
/*!40000 ALTER TABLE `tutoring_centres` DISABLE KEYS */;
INSERT INTO `tutoring_centres` VALUES (1,'Avenida Forças Armadas 22','UpGrade_201@gmail.com',185),(2,'Rua Sousa Lopes 115','UpGrade_211@gmail.com',179),(3,'Rua Nogueiras 108','UpGrade_233@gmail.com',209),(4,'Rua Palmeira 51','UpGrade_221@gmail.com',108),(5,'Rua Doutor Alfredo Freitas 3','UpGrade_298@gmail.com',73);
/*!40000 ALTER TABLE `tutoring_centres` ENABLE KEYS */;
UNLOCK TABLES;

--
-- Table structure for table `tutors`
--

DROP TABLE IF EXISTS `tutors`;
/*!40101 SET @saved_cs_client     = @@character_set_client */;
/*!50503 SET character_set_client = utf8mb4 */;
CREATE TABLE `tutors` (
  `TUTOR_ID` int NOT NULL AUTO_INCREMENT,
  `TUTOR_NAME` varchar(100) NOT NULL,
  `TUTOR_CONTACT` varchar(255) DEFAULT NULL,
  `TUTOR_GENDER` varchar(1) DEFAULT NULL,
  `TUTOR_BIRTHDAY` date DEFAULT NULL,
  `TUTORING_CENTRE_ID` int NOT NULL,
  PRIMARY KEY (`TUTOR_ID`),
  KEY `fk_Tutors_Tutoring_Centres1_idx` (`TUTORING_CENTRE_ID`),
  CONSTRAINT `fk_Tutors_Tutoring_Centres1` FOREIGN KEY (`TUTORING_CENTRE_ID`) REFERENCES `tutoring_centres` (`TUTORING_CENTRE_ID`)
) ENGINE=InnoDB AUTO_INCREMENT=21 DEFAULT CHARSET=utf8mb3;
/*!40101 SET character_set_client = @saved_cs_client */;

--
-- Dumping data for table `tutors`
--

LOCK TABLES `tutors` WRITE;
/*!40000 ALTER TABLE `tutors` DISABLE KEYS */;
INSERT INTO `tutors` VALUES (1,'Lopes Costa','lopes-costa@upgrade.pt','m','1964-06-09',1),(2,'Andre Ramalho','andre-ramalho@upgrade.pt','m','1960-01-14',3),(3,'Ana Azevedo','ana-azevedo@upgrade.pt','f','1999-07-09',5),(4,'Carlota Cristo','carlota-cristo@upgrade.pt','f','1988-06-30',2),(5,'Paula Encinas','paula-encinas@upgrade.pt','f','1983-03-14',4),(6,'Marco Matias','marco-matias@upgrade.pt','m','1968-06-15',1),(7,'Filipe Dias','filipe-dias@upgrade.pt','m','1986-07-18',2),(8,'Ana Oliveira','ana-oliveira@upgrade.pt','f','1977-07-10',3),(9,'Marcia Costa','marcia-costa@upgrade.pt','f','1971-03-21',4),(10,'Joana Soeiro','joana-soeiro@upgrade.pt','f','1990-04-26',5),(11,'Carolina Cruz','carolina-cruz@upgrade.pt','f','1988-01-14',5),(12,'Miguel Maximo','miguel-maximo@upgrade.pt','m','1969-01-26',5),(13,'Pedro Silva','pedro-silva@upgrade.pt','m','1987-12-26',5),(14,'Isabel Maria','isabel-maria@upgrade.pt','f','1975-11-30',4),(15,'Isabel Santos','isabel-santos@upgrade.pt','f','1960-10-16',3),(16,'Armando Mendes','armando-mendes@upgrade.pt','m','1961-02-17',3),(17,'Lina Carvalho','lina-carvalho@upgrade.pt','f','1990-08-21',4),(18,'Kristina Trehub','kristina-trehub@upgrade.pt','f','1992-12-08',2),(19,'Augusto Santos','augusto-santos@upgrade.pt','m','1964-09-07',2),(20,'Sergio Oliveira','sergio-oliveira@upgrade.pt','m','1995-12-14',1);
/*!40000 ALTER TABLE `tutors` ENABLE KEYS */;
UNLOCK TABLES;

--
-- Table structure for table `tutors_courses`
--

DROP TABLE IF EXISTS `tutors_courses`;
/*!40101 SET @saved_cs_client     = @@character_set_client */;
/*!50503 SET character_set_client = utf8mb4 */;
CREATE TABLE `tutors_courses` (
  `TUTOR_ID` int NOT NULL,
  `COURSE_ID` int NOT NULL,
  `SCHOOL_YEAR_ID` int NOT NULL,
  `PAY_PER_HOUR` decimal(10,2) NOT NULL,
  PRIMARY KEY (`TUTOR_ID`,`COURSE_ID`,`SCHOOL_YEAR_ID`),
  KEY `fk_Tutors_has_Courses_has_School_Years_Courses_has_School_Y_idx` (`COURSE_ID`,`SCHOOL_YEAR_ID`),
  KEY `fk_Tutors_has_Courses_has_School_Years_Tutors1_idx` (`TUTOR_ID`),
  CONSTRAINT `fk_Tutors_has_Courses_has_School_Years_Courses_has_School_Yea1` FOREIGN KEY (`COURSE_ID`, `SCHOOL_YEAR_ID`) REFERENCES `courses_has_school_years` (`COURSE_ID`, `SCHOOL_YEAR_ID`),
  CONSTRAINT `fk_Tutors_has_Courses_has_School_Years_Tutors1` FOREIGN KEY (`TUTOR_ID`) REFERENCES `tutors` (`TUTOR_ID`)
) ENGINE=InnoDB DEFAULT CHARSET=utf8mb3;
/*!40101 SET character_set_client = @saved_cs_client */;

--
-- Dumping data for table `tutors_courses`
--

LOCK TABLES `tutors_courses` WRITE;
/*!40000 ALTER TABLE `tutors_courses` DISABLE KEYS */;
INSERT INTO `tutors_courses` VALUES (1,1,10,22.00),(1,1,11,23.00),(2,3,8,20.00),(2,3,9,21.00),(2,3,10,22.00),(3,5,5,17.00),(3,5,8,20.00),(4,7,12,24.00),(5,8,10,22.00),(5,8,11,23.00),(5,34,8,20.00),(5,34,9,21.00),(5,35,10,22.00),(5,35,11,23.00),(5,35,12,24.00),(5,36,10,22.00),(5,38,11,23.00),(5,44,12,24.00),(6,14,9,21.00),(7,15,10,22.00),(7,15,11,23.00),(7,41,10,22.00),(7,43,11,23.00),(7,43,12,24.00),(8,16,10,22.00),(8,16,11,23.00),(8,16,12,24.00),(8,42,12,24.00),(9,17,10,22.00),(9,17,11,23.00),(9,17,12,24.00),(9,42,12,24.00),(10,18,10,22.00),(10,18,11,23.00),(11,19,8,20.00),(12,20,11,23.00),(13,21,7,19.00),(13,21,8,20.00),(14,23,12,24.00),(15,25,10,22.00),(16,26,7,19.00),(17,28,10,22.00),(17,28,11,23.00),(18,29,10,22.00),(19,30,6,18.00),(19,40,7,19.00),(19,40,8,20.00),(19,40,9,21.00),(19,40,10,22.00),(19,40,11,23.00),(19,40,12,24.00),(20,31,7,19.00),(20,31,8,20.00),(20,31,9,21.00),(20,32,8,20.00),(20,33,10,22.00);
/*!40000 ALTER TABLE `tutors_courses` ENABLE KEYS */;
UNLOCK TABLES;
/*!50003 SET @saved_cs_client      = @@character_set_client */ ;
/*!50003 SET @saved_cs_results     = @@character_set_results */ ;
/*!50003 SET @saved_col_connection = @@collation_connection */ ;
/*!50003 SET character_set_client  = utf8mb4 */ ;
/*!50003 SET character_set_results = utf8mb4 */ ;
/*!50003 SET collation_connection  = utf8mb4_0900_ai_ci */ ;
/*!50003 SET @saved_sql_mode       = @@sql_mode */ ;
/*!50003 SET sql_mode              = 'STRICT_TRANS_TABLES,NO_ENGINE_SUBSTITUTION' */ ;
DELIMITER ;;
/*!50003 CREATE*/ /*!50017 DEFINER=`root`@`localhost`*/ /*!50003 TRIGGER `update_session_price` AFTER UPDATE ON `tutors_courses` FOR EACH ROW begin
	if old.pay_per_hour != new.pay_per_hour then
		update sessions 
        set session_price = new.pay_per_hour * hour(end_time - start_time)
        where sessions.tutor_id = new.tutor_id 
        and sessions.course_id = new.course_id 
        and sessions.school_year_id = new.school_year_id
        and sessions.status = 'scheduled';
    end if;
end */;;
DELIMITER ;
/*!50003 SET sql_mode              = @saved_sql_mode */ ;
/*!50003 SET character_set_client  = @saved_cs_client */ ;
/*!50003 SET character_set_results = @saved_cs_results */ ;
/*!50003 SET collation_connection  = @saved_col_connection */ ;

--
-- Dumping events for database 'SRD_upgrade_db'
--

--
-- Dumping routines for database 'SRD_upgrade_db'
--

--
-- Final view structure for view `invoice_details`
--

/*!50001 DROP VIEW IF EXISTS `invoice_details`*/;
/*!50001 SET @saved_cs_client          = @@character_set_client */;
/*!50001 SET @saved_cs_results         = @@character_set_results */;
/*!50001 SET @saved_col_connection     = @@collation_connection */;
/*!50001 SET character_set_client      = utf8mb4 */;
/*!50001 SET character_set_results     = utf8mb4 */;
/*!50001 SET collation_connection      = utf8mb4_0900_ai_ci */;
/*!50001 CREATE ALGORITHM=UNDEFINED */
/*!50013 DEFINER=`root`@`localhost` SQL SECURITY DEFINER */
/*!50001 VIEW `invoice_details` AS select `se`.`SESSION_ID` AS `Invoice Number`,`t`.`TUTOR_NAME` AS `tutor_name`,`c`.`COURSE_NAME` AS `course_name`,`se`.`SCHOOL_YEAR_ID` AS `School Year`,`tc`.`PAY_PER_HOUR` AS `Unit Cost`,cast((`se`.`END_TIME` - `se`.`START_TIME`) as time) AS `Session Duration`,`se`.`SESSION_PRICE` AS `Amount` from ((((`students` `st` join `sessions` `se` on((`se`.`STUDENT_ID` = `st`.`STUDENT_ID`))) join `tutors_courses` `tc` on((`tc`.`TUTOR_ID` = `se`.`TUTOR_ID`))) join `courses` `c` on((`c`.`COURSE_ID` = `tc`.`COURSE_ID`))) join `tutors` `t` on((`t`.`TUTOR_ID` = `tc`.`TUTOR_ID`))) where ((`se`.`COURSE_ID` = `tc`.`COURSE_ID`) and (`se`.`SCHOOL_YEAR_ID` = `tc`.`SCHOOL_YEAR_ID`)) */;
/*!50001 SET character_set_client      = @saved_cs_client */;
/*!50001 SET character_set_results     = @saved_cs_results */;
/*!50001 SET collation_connection      = @saved_col_connection */;

--
-- Final view structure for view `invoice_head`
--

/*!50001 DROP VIEW IF EXISTS `invoice_head`*/;
/*!50001 SET @saved_cs_client          = @@character_set_client */;
/*!50001 SET @saved_cs_results         = @@character_set_results */;
/*!50001 SET @saved_col_connection     = @@collation_connection */;
/*!50001 SET character_set_client      = utf8mb4 */;
/*!50001 SET character_set_results     = utf8mb4 */;
/*!50001 SET collation_connection      = utf8mb4_0900_ai_ci */;
/*!50001 CREATE ALGORITHM=UNDEFINED */
/*!50013 DEFINER=`root`@`localhost` SQL SECURITY DEFINER */
/*!50001 VIEW `invoice_head` AS select `se`.`SESSION_ID` AS `Invoice Number`,`st`.`STUDENT_NAME` AS `student_name`,`st`.`STUDENT_CONTACT` AS `student_contact`,`t`.`TUTOR_NAME` AS `tutor_name`,cast((`se`.`END_TIME` - `se`.`START_TIME`) as time) AS `Session Duration`,cast(`se`.`START_TIME` as date) AS `Date of Issue`,cast((`se`.`START_TIME` + interval 7 day) as date) AS `Due Date`,round((`se`.`SESSION_PRICE` * 0.94),2) AS `SubTotal`,round((`se`.`SESSION_PRICE` * 0.06),2) AS `IVA (6%)`,round(`se`.`SESSION_PRICE`,2) AS `Amount`,`tuc`.`ADDRESS` AS `address`,`tuc`.`TUTORING_CENTRE_CONTACT` AS `tutoring_centre_contact` from ((((`students` `st` join `sessions` `se` on((`se`.`STUDENT_ID` = `st`.`STUDENT_ID`))) join `tutors_courses` `tc` on((`tc`.`TUTOR_ID` = `se`.`TUTOR_ID`))) join `tutors` `t` on((`t`.`TUTOR_ID` = `tc`.`TUTOR_ID`))) join `tutoring_centres` `tuc` on((`tuc`.`TUTORING_CENTRE_ID` = `t`.`TUTORING_CENTRE_ID`))) where ((`se`.`COURSE_ID` = `tc`.`COURSE_ID`) and (`se`.`SCHOOL_YEAR_ID` = `tc`.`SCHOOL_YEAR_ID`)) */;
/*!50001 SET character_set_client      = @saved_cs_client */;
/*!50001 SET character_set_results     = @saved_cs_results */;
/*!50001 SET collation_connection      = @saved_col_connection */;
/*!40103 SET TIME_ZONE=@OLD_TIME_ZONE */;

/*!40101 SET SQL_MODE=@OLD_SQL_MODE */;
/*!40014 SET FOREIGN_KEY_CHECKS=@OLD_FOREIGN_KEY_CHECKS */;
/*!40014 SET UNIQUE_CHECKS=@OLD_UNIQUE_CHECKS */;
/*!40101 SET CHARACTER_SET_CLIENT=@OLD_CHARACTER_SET_CLIENT */;
/*!40101 SET CHARACTER_SET_RESULTS=@OLD_CHARACTER_SET_RESULTS */;
/*!40101 SET COLLATION_CONNECTION=@OLD_COLLATION_CONNECTION */;
/*!40111 SET SQL_NOTES=@OLD_SQL_NOTES */;

-- Dump completed on 2022-12-15 15:16:42
